facility_id,facility_name,county,hospital_type,teaching_rural,bed_size_category,loss_driver,licensed_beds,staffed_beds,occupied_beds,patient_days,net_income,utilization_rate,cost_per_patient_day,revenue_per_patient_day,margin_per_patient_day,operating_margin
106580996,ADVENTIST HEALTH AND RIDEOUT,Yuba,Comparable,Non-Teaching,200 - 299,High cost structure,221,151,147.885245901639,54126,-48743941,0.9793724894148278,9713.03526955622,8920.875032331965,-900.5642574733031,-0.1009502155572613
106150788,ADVENTIST HEALTH BAKERSFIELD,Kern,Comparable,Non-Teaching,300 - 499,High cost structure,301,198,198.631147540984,72699,-5197092,1.0031876138433535,9695.243744755771,9607.625111762198,-71.48780588453761,-0.0074407363997808
106171049,ADVENTIST HEALTH CLEARLAKE,Lake,Comparable,Rural,1 - 49,High cost structure,25,18,15.658469945355192,5731,-17011138,0.8699149969641773,36595.67318094573,31989.550340254755,-2968.266969115338,-0.0927886430894951
106150706,ADVENTIST HEALTH DELANO,Kern,Comparable,Non-Teaching,150 - 199,Profitable,156,69,64.19672131147541,23496,220351,0.9303872653837016,4730.929477357849,4285.982635342186,9.378234593122231,0.0021881177295935
106190323,ADVENTIST HEALTH GLENDALE,Los Angeles,Comparable,Non-Teaching,500 +,Profitable,515,313,310.866120218579,113777,-44826471,0.993182492711115,5405.948812150083,4949.0868013746185,-393.985348532656,-0.0796076860933669
106164029,ADVENTIST HEALTH HANFORD,Kings,Comparable,Rural,200 - 299,Profitable,235,109,107.732240437158,39430,59311661,0.9883691783225504,10465.999163073802,11300.867664215064,1504.2267562769464,0.1331071914982403
106234038,ADVENTIST HEALTH HOWARD MEMORIAL,Mendocino,Comparable,Rural,1 - 49,Profitable,25,15,14.3087431693989,5237,2313284,0.95391621129326,18489.576284132138,17649.721214435747,441.7193049455796,0.025026984821964
106390923,ADVENTIST HEALTH LODI MEMORIAL,San Joaquin,Comparable,Non-Teaching,150 - 199,Profitable,194,97,93.42349726775956,34193,9117874,0.9631288378119542,8413.968092884508,8412.414295323604,266.6590822683005,0.0316982821942726
106231013,ADVENTIST HEALTH MENDOCINO COAST,Mendocino,Comparable,Rural,1 - 49,High cost structure,25,13,12.1693989071038,4454,-10986428,0.9361076082387538,20748.669510552318,18000.43713515941,-2466.6430175123483,-0.1370323953241319
106100797,ADVENTIST HEALTH REEDLEY,Fresno,Comparable,Rural,1 - 49,Profitable,49,16,14.8005464480874,5417,110974,0.9250341530054624,44112.96990954403,41326.119254199744,20.486247000184605,0.0004957215284157
106400524,ADVENTIST HEALTH SIERRA VISTA,San Luis Obispo,Comparable,Non-Teaching,150 - 199,Profitable,162,71,64.26775956284152,23522,289367,0.9051797121526974,8117.175197687271,8258.355667035115,12.301972621375734,0.0014896394775634
106560525,ADVENTIST HEALTH SIMI VALLEY,Ventura,Comparable,Non-Teaching,100 - 149,High cost structure,144,81,79.2021857923497,28988,-24944175,0.9778047628685148,8062.672278184076,7382.452014626742,-860.5000344970333,-0.1165601933872563
106554011,ADVENTIST HEALTH SONORA - GREENLEY,Tuolumne,Comparable,Rural,150 - 199,Profitable,152,104,101.513661202186,37154,16063144,0.9760928961748654,9030.949399795449,8824.891936265274,432.3395596705604,0.0489909182789979
106281078,ADVENTIST HEALTH ST. HELENA,Napa,Comparable,Non-Teaching,100 - 149,High cost structure,141,55,55.86338797814208,20446,-21851824,1.015697963238947,13345.437934070234,12652.731683458867,-1068.757898855522,-0.0844685500011612
106154168,ADVENTIST HEALTH TEHACHAPI VALLEY,Kern,Comparable,Rural,1 - 49,Profitable,25,13,11.8934426229508,4353,1767270,0.9148802017654462,16623.49138525155,15649.738341373764,405.9889731219848,0.0259422211583344
106540816,ADVENTIST HEALTH TULARE,Tulare,Comparable,Non-Teaching,50 - 99,High cost structure,73,22,20.0601092896175,7342,-20928360,0.9118231495280682,14255.100789975484,10361.71942250068,-2850.498501770635,-0.2750989855583929
106400548,ADVENTIST HEALTH TWIN CITIES,San Luis Obispo,Comparable,Rural,100 - 149,Profitable,122,62,48.1803278688525,17634,14461372,0.7771020624008468,7309.3711579902465,8165.871044572984,820.0846092775321,0.1004283076234173
106231396,ADVENTIST HEALTH UKIAH VALLEY,Mendocino,Comparable,Rural,50 - 99,High cost structure,50,43,34.3060109289617,12556,-8127628,0.797814207650272,22052.785043007327,20666.886110226187,-647.3102899012424,-0.0313211330651765
106481015,ADVENTIST HEALTH VALLEJO,Solano,Comparable,Non-Teaching,50 - 99,Low utilization,61,58,52.43715846994535,19192,-395003,0.9040889391369888,1929.5209983326383,1863.7649541475612,-20.581648603584828,-0.0110430494777697
106190878,ADVENTIST HEALTH WHITE MEMORIAL,Los Angeles,Comparable,Teaching,500 +,Profitable,545,275,270.147540983607,98874,8292802,0.9823546944858436,6788.496571393896,6310.647450290268,83.8724234884803,0.0132906209939873
106301098,AHMC ANAHEIM REGIONAL MEDICAL CENTER,Orange,Comparable,Non-Teaching,200 - 299,High cost structure,223,78,76.4344262295082,27975,-16329194,0.9799285414039514,7024.987488829312,6374.715853440572,-583.7066666666667,-0.0915659113420133
106410817,AHMC SETON MEDICAL CENTER,San Mateo,Comparable,Non-Teaching,300 - 499,Profitable,475,180,175.513661202186,64238,-31065868,0.9750758955677,3065.380366761108,2502.212475481802,-483.6057785111617,-0.1932712682275485
106010735,ALAMEDA HOSPITAL,Alameda,Comparable,Non-Teaching,200 - 299,Profitable,247,199,197.062841530055,72125,-49049666,0.9902655353269096,2370.344457538995,1612.9192928942807,-680.0646932409012,-0.4216359096434196
106190017,ALHAMBRA HOSPITAL MEDICAL CENTER,Los Angeles,Comparable,Non-Teaching,100 - 149,Profitable,144,91,85.87158469945356,31429,9964096,0.9436437879060832,8850.465270928124,8964.405739921729,317.0350949759776,0.0353659912518357
106304589,ALISO RIDGE BEHAVIORAL HEALTH,Orange,Comparable,Non-Teaching,100 - 149,Profitable,119,96,95.7021857923497,35027,318422,0.9968977686703092,1091.88357552745,1095.5285636794472,9.090758557684072,0.0082980570831962
106010739,ALTA BATES SUMMIT MEDICAL CENTER - ALTA BATES CAMPUS,Alameda,Comparable,Non-Teaching,300 - 499,Profitable,393,219,198.379781420765,72607,5471817,0.9058437507797488,11018.058988802732,10528.494842095117,75.36211384577244,0.0071579190545318
106010937,ALTA BATES SUMMIT MEDICAL CENTER - SUMMIT HAWTHORNE,Alameda,Comparable,Non-Teaching,300 - 499,High cost structure,309,211,191.546448087432,70106,-18510943,0.9078030715044172,9099.738296294185,8465.7830713491,-264.0422075143354,-0.0311893424729884
106370749,ALVARADO PARKWAY INSTITUTE BHS,San Diego,Comparable,Non-Teaching,50 - 99,Profitable,66,61,62.1939890710383,22763,406233,1.019573591328497,1693.171594253833,1691.38575758907,17.846197777094407,0.0105512285988104
106194010,AMERICAN RECOVERY CENTER,Los Angeles,Comparable,Non-Teaching,150 - 199,Profitable,173,76,78.21857923497268,28628,682317,1.0291918320391142,328.2407083973732,352.07461226770994,23.833903870336734,0.0676956049651599
106301097,ANAHEIM COMMUNITY HOSPITAL,Orange,Comparable,Non-Teaching,50 - 99,Profitable,98,89,87.4180327868852,31995,167850,0.9822250874930922,1289.9108298171589,1203.8060634474136,5.246132208157524,0.0043579546302781
106301188,ANAHEIM GLOBAL MEDICAL CENTER,Orange,Comparable,Non-Teaching,150 - 199,Low utilization,183,101,92.7021857923497,33929,-10910826,0.9178434236866306,2491.5764979810783,2163.732736007545,-321.5781779598573,-0.1486219497483888
106190034,ANTELOPE VALLEY MEDICAL CENTER,Los Angeles,Comparable,Non-Teaching,300 - 499,Profitable,420,264,243.207650273224,89014,13834459,0.921241099519788,5831.129552654638,5774.556586604354,155.41891163187813,0.0269144321821028
106364231,ARROWHEAD REGIONAL MEDICAL CENTER,San Bernardino,Comparable,Teaching,300 - 499,Profitable,456,373,366.256830601093,134050,50537274,0.981921797858158,6333.16301380082,5785.836255128684,377.003162998881,0.0651596668786984
106400683,ATASCADERO STATE HOSPITAL,San Luis Obispo,State,Non-Teaching,500 +,Profitable,1275,1035,1047.77595628415,383486,54252301,1.012343919115121,850.9012245557856,992.3628685271432,141.4713992166598,0.1425601498236532
106494048,AURORA BEHAVIORAL HEALTHCARE - SANTA ROSA,Sonoma,Comparable,Non-Teaching,100 - 149,Profitable,144,98,97.9590163934426,35853,97063,0.9995817999330876,1605.9823166820072,1607.9875603157336,2.707249044710345,0.0016836256147272
106190163,AURORA CHARTER OAK,Los Angeles,Comparable,Non-Teaching,100 - 149,Profitable,146,146,144.510928961749,52891,-2230966,0.9898008832996504,1107.9122724092945,1065.175568622261,-42.18044657881303,-0.0395995250185571
106190462,AURORA LAS ENCINAS HOSPITAL,Los Angeles,Comparable,Non-Teaching,100 - 149,Profitable,118,105,104.945355191257,38410,4356201,0.9994795732500666,1015.8503254360844,1126.883233532934,113.41319968758135,0.1006432577153671
106374024,AURORA SAN DIEGO,San Diego,Comparable,Non-Teaching,100 - 149,Profitable,101,86,85.5109289617486,31297,3435723,0.994313127462193,1236.0387257564623,1344.9601878774324,109.77802984311596,0.0816217690550109
106560203,AURORA VISTA DEL MAR HOSPITAL,Ventura,Comparable,Non-Teaching,50 - 99,Low utilization,87,19,18.1366120218579,6638,-19301423,0.9545585274662052,4116.254293461886,1206.5765290750226,-2907.716631515517,-2.409889933583086
106154044,BAKERSFIELD BEHAVIORAL HEALTHCARE HOSPITAL,Kern,Comparable,Non-Teaching,50 - 99,Profitable,90,76,75.3743169398907,27587,325423,0.9917673281564566,1269.3494399536014,1192.2663935911842,11.79624460796752,0.0098939672135154
106150722,BAKERSFIELD MEMORIAL HOSPITAL,Kern,Comparable,Non-Teaching,300 - 499,Profitable,385,208,197.016393442623,72108,147082200,0.94719419924338,8696.937468796805,9867.214261940422,2039.7487102679315,0.2067198153520999
106364121,BALLARD REHABILITATION HOSPITAL,San Bernardino,Comparable,Non-Teaching,50 - 99,Profitable,60,37,36.7950819672131,13467,-438985,0.9944616747895432,2022.1687829509167,1986.309571545259,-32.597089180960864,-0.0164108805837359
106184008,BANNER LASSEN MEDICAL CENTER,Lassen,Comparable,Rural,1 - 49,High cost structure,25,8,7.592896174863388,2779,-6867166,0.9491120218579236,17997.1482547679,15512.13781935948,-2471.092479309104,-0.1593005753356012
106190052,BARLOW RESPIRATORY HOSPITAL,Los Angeles,Comparable,Non-Teaching,100 - 149,Low utilization,105,87,79.1939890710383,28985,-809643,0.910275736448716,2608.1207866137656,2492.7122994652404,-27.933172330515784,-0.0112059351319878
106364430,BARSTOW COMMUNITY HOSPITAL,San Bernardino,Comparable,Rural,1 - 49,Profitable,30,19,17.0792349726776,6251,11924307,0.8989071038251368,11124.415773476245,12996.374820028796,1907.583906574948,0.1467781541384262
106090793,BARTON MEMORIAL HOSPITAL,El Dorado,Comparable,Rural,100 - 149,Profitable,111,62,59.6612021857923,21836,15859770,0.9622774546095532,7935.779400989192,9806.915643890825,726.3129694083166,0.0740613048773158
106361110,BEAR VALLEY COMMUNITY HOSPITAL,San Bernardino,Comparable,Rural,1 - 49,Profitable,30,23,22.7704918032787,8334,5407235,0.9900213827512476,4834.939644828413,4062.875689944805,648.8162946964243,0.1596938582940593
106190020,BHC ALHAMBRA HOSPITAL,Los Angeles,Comparable,Non-Teaching,50 - 99,Profitable,97,97,91.2404371584699,33394,16992664,0.9406230634893804,858.8164041444571,1374.8391028328442,508.8538060729472,0.3701188051928828
106044006,BUTTE COUNTY MENTAL HEALTH - PHF,Butte,PHF,Non-Teaching,1 - 49,Low utilization,16,16,6.14754098360656,2250,-539655,0.38422131147541,2511.416888888889,2271.570222222222,-239.84666666666664,-0.1055862875469596
106190125,CALIFORNIA HOSPITAL MEDICAL CENTER,Los Angeles,Comparable,Non-Teaching,300 - 499,Profitable,318,208,207.644808743169,75998,64877176,0.998292349726774,8326.39015500408,8704.642937972052,853.6695176188847,0.0980705956237381
106384202,CALIFORNIA PACIFIC MEDICAL CENTER - MISSION BERNAL CAMPUS,San Francisco,Comparable,Non-Teaching,100 - 149,High cost structure,120,71,64.3907103825137,23567,-108338890,0.9069114138382212,13244.920439597743,8160.377774006025,-4597.059023210421,-0.5633389961251354
106384176,CALIFORNIA PACIFIC MEDICAL CENTER - VAN NESS CAMPUS,San Francisco,Comparable,Non-Teaching,300 - 499,Profitable,455,373,339.489071038251,124253,81297365,0.9101583673947748,11668.683814475304,11425.903133123546,654.2889507698003,0.0572636528724827
106190155,CALIFORNIA REHABILITATION INSTITUTE,Los Angeles,Comparable,Non-Teaching,100 - 149,Profitable,138,138,129.23497267759564,47300,19392796,0.9364853092579394,2832.6958562367863,3201.0794291754755,409.9956871035941,0.1280804479160329
106364050,CANYON RIDGE HOSPITAL,San Bernardino,Comparable,Non-Teaching,150 - 199,Profitable,157,150,139.256830601093,50968,24061948,0.9283788706739532,745.7155077695809,1221.4068238894993,472.0991210171088,0.3865207822515158
106190137,CASA COLINA HOSPITAL AND CENTER FOR HEALTH CARE,Los Angeles,Comparable,Non-Teaching,50 - 99,Profitable,99,72,70.1939890710383,25691,-10258625,0.974916514875532,4151.566930053326,3436.9704565801253,-399.3081234673621,-0.1161802606428814
106190045,CATALINA ISLAND MEDICAL CENTER,Los Angeles,Comparable,Rural,1 - 49,Profitable,12,5,4.12021857923497,1508,285583,0.824043715846994,12393.844827586208,8841.382625994695,189.3786472148541,0.0214195737506098
106190500,CEDARS-SINAI MARINA DEL REY HOSPITAL,Los Angeles,Comparable,Non-Teaching,100 - 149,High cost structure,133,75,52.7868852459016,19320,-14624308,0.7038251366120214,9632.806573498963,8598.807039337475,-756.9517598343685,-0.0880298576734535
106190555,CEDARS-SINAI MEDICAL CENTER,Los Angeles,Comparable,Teaching,500 +,Profitable,915,915,810.699453551912,296716,1026972821,0.8860103317507235,14516.14295824964,14784.20968872592,3461.130579409267,0.2341099492148465
106190148,CENTINELA HOSPITAL MEDICAL CENTER,Los Angeles,Comparable,Non-Teaching,300 - 499,Profitable,336,206,205.346994535519,75157,42573981,0.996830070560772,3695.623202096944,4236.414252830741,566.4672751706428,0.1337138535949673
106150820,"CENTRAL CALIFORNIA REHABILITATION HOSPITAL, LLC",Kern,Comparable,Non-Teaching,50 - 99,Profitable,50,32,31.5546448087432,11549,-1417392,0.986082650273225,2329.585851588882,2206.306087107109,-122.72854792622738,-0.0556262563220083
106105125,CENTRAL STAR PSYCHIATRIC HEALTH FACILITY,Fresno,PHF,Non-Teaching,1 - 49,Profitable,16,16,10.7513661202186,3935,1983509,0.6719603825136625,1536.8576874205844,1504.994663278272,504.06836086404064,0.3349303310923694
106500954,CENTRAL VALLEY SPECIALTY HOSPITAL,Stanislaus,Comparable,Non-Teaching,50 - 99,Profitable,96,96,97.2404371584699,35590,23298254,1.012921220400728,1771.8517561112672,2368.879994380444,654.6292216914864,0.2763454557615519
106301140,CHAPMAN GLOBAL MEDICAL CENTER,Orange,Comparable,Non-Teaching,100 - 149,Low utilization,114,51,47.36338797814208,17335,-14474536,0.9286938819243544,3210.1699451975774,2366.5299682722816,-834.989097202192,-0.3528326741671425
106434051,CHILDREN'S HEALTHCARE ORGANIZATION OF NORTHERN CA - PEDIATRIC HOSPITAL,Santa Clara,Comparable,Non-Teaching,1 - 49,Profitable,31,28,23.6612021857923,8660,3431027,0.8450429352068678,1484.4721709006928,1881.8227482678983,396.192494226328,0.2105365633352018
106304113,CHILDREN'S HOSPITAL AT MISSION,Orange,Comparable,Non-Teaching,50 - 99,Profitable,54,26,25.1912568306011,9220,26545217,0.9688944934846576,8378.923427331887,11161.060195227768,2879.090780911063,0.2579585389336132
106190170,CHILDREN'S HOSPITAL LOS ANGELES,Los Angeles,Comparable,Non-Teaching,300 - 499,High cost structure,495,340,324.3633879781421,118717,-42214365,0.9540099646415944,15227.419779812495,11757.45465266137,-355.5882055644937,-0.0302436382762492
106300032,CHILDREN'S HOSPITAL OF ORANGE COUNTY,Orange,Comparable,Non-Teaching,300 - 499,Profitable,334,221,220.467213114754,80691,114418795,0.9975891996142716,12690.51941356533,13644.83772663618,1417.9870741470547,0.1039211387159989
106382715,CHINESE HOSPITAL,San Francisco,Comparable,Non-Teaching,50 - 99,High cost structure,88,33,32.7814207650273,11998,-17967562,0.9933763868190092,12837.480746791132,9133.993832305385,-1497.5464244040672,-0.1639530803171226
106361144,CHINO VALLEY MEDICAL CENTER,San Bernardino,Comparable,Non-Teaching,100 - 149,Profitable,112,49,44.23497267759563,16190,19215563,0.9027545444407272,5665.274366893144,6725.750586781965,1186.8785052501544,0.1764678142514996
106314029,CIRBY HILLS BEHAVIORAL HEALTH - PHF,Placer,PHF,Non-Teaching,1 - 49,Profitable,16,16,15.1775956284153,5555,1138,0.9485997267759564,999.7998199819982,1000.4752475247524,0.2048604860486048,0.0002047631728575
106190176,CITY OF HOPE HELFORD CLINICAL RESEARCH HOSPITAL,Los Angeles,Comparable,Non-Teaching,200 - 299,Profitable,234,232,219.136612021858,80204,210494048,0.9445543621631812,33897.462570445365,32325.44461622862,2624.4831679218,0.081189391177135
106100005,CLOVIS COMMUNITY MEDICAL CENTER,Fresno,Comparable,Non-Teaching,300 - 499,Profitable,352,314,309.472677595628,113267,34153125,0.9855817757822548,6847.39980753441,6495.723970794671,301.5275852631393,0.046419396301141
106100697,COALINGA REGIONAL MEDICAL CENTER,Fresno,Comparable,Rural,100 - 149,Profitable,123,63,61.9644808743169,22679,-15492402,0.9835631884812206,2515.756603024825,1815.7571762423388,-683.1166277172715,-0.3762158490437379
106190766,COAST PLAZA HOSPITAL,Los Angeles,Comparable,Non-Teaching,100 - 149,Low utilization,117,52,47.8224043715847,17503,-13149064,0.919661622530475,3683.757127349597,2890.417471290636,-751.246300634177,-0.2599092719636547
106190184,COLLEGE HOSPITAL,Los Angeles,Comparable,Non-Teaching,150 - 199,Profitable,187,178,177.44262295082,64944,1711618,0.9968686682630338,1254.9474624291695,1276.6898558758314,26.35529071199803,0.020643455879829
106301155,COLLEGE HOSPITAL COSTA MESA,Orange,Comparable,Non-Teaching,100 - 149,Profitable,122,113,112.327868852459,41112,32819501,0.9940519367474248,2165.944395796848,2930.240367775832,798.2949260556528,0.2724332566142313
106190587,COLLEGE MEDICAL CENTER,Los Angeles,Comparable,Non-Teaching,200 - 299,Profitable,221,186,168.46174863387978,61657,13209825,0.905708325988601,2896.217217834147,3047.9420017191883,214.24696303744912,0.0702923359160388
106361458,COLORADO RIVER MEDICAL CENTER,San Bernardino,Comparable,Rural,1 - 49,Profitable,25,1,1.01639344262295,372,2228958,1.01639344262295,25609.698924731183,27409.83333333333,5991.822580645161,0.2186012044574694
106060870,COLUSA MEDICAL CENTER,Colusa,Comparable,Rural,1 - 49,Profitable,48,27,26.5,9699,5305023,0.9814814814814816,3765.138777193525,4247.06021239303,546.9659758738014,0.1287869605139434
106190197,COMMUNITY HOSPITAL OF HUNTINGTON PARK,Los Angeles,Comparable,Non-Teaching,50 - 99,Profitable,81,42,38.7540983606557,14184,6804801,0.9227166276346596,4809.147913141568,5267.965665538635,479.7519035532995,0.0910696716745298
106361323,COMMUNITY HOSPITAL OF SAN BERNARDINO,San Bernardino,Comparable,Non-Teaching,300 - 499,Profitable,347,233,222.49726775956285,81434,45035412,0.954923895963789,3963.9770734582607,4503.581857700715,553.0295945182602,0.1227977223446332
106270744,COMMUNITY HOSPITAL OF THE MONTEREY PENINSULA,Monterey,Comparable,Non-Teaching,200 - 299,Profitable,286,212,202.833333333333,74237,73728774,0.9567610062893066,10244.025795762222,11090.72439619058,993.1540067621268,0.0895481639687353
106270020,COMMUNITY HOSPITAL OF THE MONTEREY PENINSULA - OHANA,Monterey,Comparable,Non-Teaching,1 - 49,High cost structure,16,2,1.35245901639344,495,-6157102,0.67622950819672,37841.63434343434,16767.50707070707,-12438.5898989899,-0.7418270257192965
106560501,COMMUNITY MEMORIAL HOSPITAL - OJAI,Ventura,Comparable,Rural,100 - 149,Profitable,100,83,81.89617486338798,29974,-7870822,0.98670090196853,1805.0186161339827,1485.5952825782344,-262.5883098685528,-0.1767562895143511
106560473,COMMUNITY MEMORIAL HOSPITAL OF SAN BUENAVENTURA,Ventura,Comparable,Non-Teaching,200 - 299,Profitable,250,148,147.625683060109,54031,35209941,0.9974708314872228,10966.952009031853,10844.381891876885,651.6618422757306,0.0600921148639984
106100717,COMMUNITY REGIONAL MEDICAL CENTER - FRESNO,Fresno,Comparable,Teaching,500 +,Profitable,921,826,820.494535519126,300301,279776907,0.993334788764075,5396.002107885089,5474.07080229503,931.6549295540142,0.1701941686913171
106070924,CONTRA COSTA REGIONAL MEDICAL CENTER,Contra Costa,Comparable,Non-Teaching,150 - 199,Profitable,167,114,112.94262295082,41337,70961844,0.9907247627264912,19270.40999588746,17349.041681786293,1716.6665215182525,0.0989487807456521
106331152,CORONA REGIONAL MEDICAL CENTER - MAIN,Riverside,Comparable,Non-Teaching,200 - 299,Profitable,259,186,184.377049180328,67482,11113810,0.9912744579587526,3904.707418274503,4046.296019679322,164.69295515841262,0.0407021518834563
106154160,CRESTWOOD PSYCHIATRIC HEALTH FACILITY - BAKERSFIELD,Kern,PHF,Non-Teaching,1 - 49,Profitable,16,13,12.0355191256831,4405,291369,0.9258091635140846,1151.2569807037455,1041.172077185017,66.14506242905789,0.0635294240774225
106344170,CRESTWOOD PSYCHIATRIC HEALTH FACILITY - CARMICHAEL,Sacramento,PHF,Non-Teaching,1 - 49,Profitable,16,16,14.103825136612,5162,957790,0.88148907103825,977.4041069352965,1022.4455637349864,185.546299883766,0.1814730353036759
106344188,CRESTWOOD PSYCHIATRIC HEALTH FACILITY - SACRAMENTO,Sacramento,PHF,Non-Teaching,1 - 49,Profitable,16,16,14.5245901639344,5316,223440,0.9077868852459,1084.1179458239278,1022.5925507900678,42.03160270880361,0.0411029815113844
106434220,CRESTWOOD PSYCHIATRIC HEALTH FACILITY - SAN JOSE,Santa Clara,PHF,Non-Teaching,1 - 49,Profitable,16,15,13.3360655737705,4881,1121428,0.8890710382513666,1202.421634910879,1195.5795943454211,229.7537389879123,0.192169337846304
106484062,CRESTWOOD SOLANO PSYCHIATRIC HEALTH FACILITY,Solano,PHF,Non-Teaching,1 - 49,Profitable,16,14,12.953551912568306,4741,820953,0.9252537080405931,1193.0643324193209,1107.0335372284328,173.16030373338958,0.1564182998167457
106390846,DAMERON HOSPITAL ASSOCIATION,San Joaquin,Comparable,Non-Teaching,200 - 299,High cost structure,202,34,33.9262295081967,12417,-38380558,0.997830279652844,12788.62809052106,9513.976000644278,-3090.96867198196,-0.3248871630296989
106190232,DEL AMO HOSPITAL,Los Angeles,Comparable,Non-Teaching,150 - 199,Profitable,166,143,144.53825136612022,52901,12913918,1.0107570025602812,859.5455095366817,1108.6348462221886,244.11481824540175,0.2201940693793393
106331164,DESERT REGIONAL MEDICAL CENTER,Riverside,Comparable,Non-Teaching,300 - 499,Profitable,385,287,285.5163934426229,104499,60862476,0.9948306391729022,6222.253399554063,6760.701260299142,582.421611690064,0.086148106426506
106364144,DESERT VALLEY HOSPITAL,San Bernardino,Comparable,Non-Teaching,100 - 149,Profitable,148,136,133.47267759562845,48851,50957916,0.9814167470266798,4024.435958322245,4957.995496509795,1043.1294344025712,0.2103933807799718
106190681,DOCS SURGICAL HOSPITAL,Los Angeles,Comparable,Non-Teaching,1 - 49,High cost structure,17,2,1.11325966850829,403,-1353518,0.556629834254145,35031.01488833747,31632.111662531017,-3358.605459057072,-0.1061770865912635
106392287,DOCTORS HOSPITAL OF MANTECA,San Joaquin,Comparable,Non-Teaching,50 - 99,Profitable,73,37,35.4071038251366,12959,9106417,0.9569487520307188,9120.046994366849,9765.645111505515,702.7098541554133,0.0719573408752594
106331293,DOCTORS HOSPITAL OF RIVERSIDE,Riverside,Comparable,Non-Teaching,150 - 199,Low utilization,193,71,65.207650273224,23866,-7486096,0.9184176094820282,5805.274323305121,5412.98994385318,-313.6720020112294,-0.0579480112220465
106500852,DOCTORS MEDICAL CENTER - MODESTO,Stanislaus,Comparable,Non-Teaching,300 - 499,Profitable,461,347,341.5928961748634,125023,-23267674,0.984417568227272,6017.889324364317,5792.270078305592,-186.1071482847156,-0.0321302608077207
106440755,DOMINICAN HOSPITAL,Santa Cruz,Comparable,Non-Teaching,200 - 299,Profitable,222,168,153.13934426229508,56049,116748755,0.9115437158469946,8833.803796677907,9442.339470820176,2082.9765919106494,0.2205996298213708
106190256,EAST LOS ANGELES DOCTOR'S HOSPITAL,Los Angeles,Comparable,Non-Teaching,100 - 149,Low utilization,127,56,51.54371584699454,18865,-2497378,0.9204234972677596,4066.025549960244,3897.411131725418,-132.38155314073683,-0.0339665353914382
106320859,EASTERN PLUMAS HEALTH CARE,Plumas,Comparable,Rural,50 - 99,Profitable,75,62,61.0737704918033,22353,2650487,0.9850608143839242,1813.519706527088,1838.722229678343,118.57410638393056,0.0644872316601476
106014233,EDEN MEDICAL CENTER,Alameda,Comparable,Non-Teaching,100 - 149,Profitable,130,124,113.098360655738,41394,54164629,0.9120835536753064,10523.273348794512,11280.342658356283,1308.514011692516,0.1159994914448091
106331168,EISENHOWER MEDICAL CENTER,Riverside,Comparable,Non-Teaching,300 - 499,Profitable,437,221,217.360655737705,79554,46125345,0.9835323789036424,15598.430751439271,14942.962088644192,579.7991930009805,0.0388008207182426
106430763,EL CAMINO HEALTH,Santa Clara,Comparable,Non-Teaching,300 - 499,Profitable,466,338,307.953551912568,112711,345406770,0.9111051831732782,11337.609062114612,12716.204283521573,3064.5346949277355,0.2409944529515733
106130699,EL CENTRO REGIONAL MEDICAL CENTER,Imperial,Comparable,Non-Teaching,150 - 199,Profitable,161,45,43.52185792349727,15929,2978786,0.9671523982999394,10305.668215204973,9482.870864461043,187.00395505053675,0.0197201836578173
106190298,EMANATE HEALTH FOOTHILL PRESBYTERIAN HOSPITAL,Los Angeles,Comparable,Non-Teaching,100 - 149,Profitable,105,81,76.6693989071038,28061,11716710,0.94653578897659,4797.528776593849,4998.469405937066,417.5442785360465,0.0835344271668637
106190413,EMANATE HEALTH INTER-COMMUNITY HOSPITAL,Los Angeles,Comparable,Non-Teaching,500 +,Profitable,516,322,312.866120218579,114509,20059156,0.971633913722295,5282.372494738405,5226.046904610118,175.1753661284266,0.033519669709412
106500867,EMANUEL MEDICAL CENTER,Stanislaus,Comparable,Non-Teaching,200 - 299,Profitable,209,88,87.5300546448087,32036,42068167,0.994659711872826,9650.630852790611,10764.51620052441,1313.1529217130728,0.1219890329719695
106190280,ENCINO HOSPITAL MEDICAL CENTER,Los Angeles,Comparable,Non-Teaching,100 - 149,Profitable,148,60,59.6830601092896,21844,-2353744,0.99471766848816,2749.492950009156,2569.6453946163706,-107.75242629555026,-0.0419327999580412
106154022,ENCOMPASS HEALTH REHABILITATION HOSPITAL OF BAKERSFIELD,Kern,Comparable,Non-Teaching,50 - 99,Low utilization,86,70,65.2377049180328,23877,-119131,0.9319672131147544,2077.956234032751,2068.3230305314737,-4.989362147673494,-0.0024122741341769
106504079,ENCOMPASS HEALTH REHABILITATION HOSPITAL OF MODESTO,Stanislaus,Comparable,Non-Teaching,50 - 99,Profitable,50,42,41.431693989071,15164,1065059,0.9864689045016904,1936.1729095225533,2028.1308361909787,70.23601951991559,0.0346309115105342
106334678,ENCOMPASS HEALTH REHABILITATION HOSPITAL OF MURRIETA,Riverside,Comparable,Non-Teaching,50 - 99,Profitable,50,45,41.8087431693989,15302,198497,0.9290831815421978,1861.07463076722,1969.2064436021435,12.971964449091622,0.0065874070701103
106304585,ENCOMPASS HEALTH REHABILITATION HOSPITAL OF TUSTIN,Orange,Comparable,Non-Teaching,50 - 99,Profitable,65,63,62.5546448087432,22895,1017285,0.9929308699800508,1898.4818519327364,1939.4369512994103,44.43262721118148,0.0229100653060218
106040962,ENLOE HEALTH,Butte,Comparable,Non-Teaching,200 - 299,Profitable,298,231,230.106557377049,84219,74242810,0.996132283017528,11134.626307602795,11692.760137261188,881.5446633182536,0.0753923498788831
106474007,FAIRCHILD MEDICAL CENTER,Siskiyou,Comparable,Rural,1 - 49,Profitable,28,25,12.699453551912567,4648,730522,0.5079781420765027,25045.356712564542,24741.302495697077,157.16910499139414,0.0063524992275054
106301357,FOOTHILL REGIONAL MEDICAL CENTER,Orange,Comparable,Non-Teaching,150 - 199,High cost structure,153,69,65.3825136612022,23930,-2473316,0.9475726617565536,9225.585750104472,8886.75908900961,-103.35628917676556,-0.0116303691977638
106014034,FREMONT HOSPITAL,Alameda,Comparable,Non-Teaching,100 - 149,Profitable,148,120,124.669398907104,45629,29477968,1.0389116575592,1240.7916675798283,1861.244603212869,646.0358105590743,0.3470988227145917
106400480,FRENCH HOSPITAL MEDICAL CENTER - SAN LUIS OBISPO,San Luis Obispo,Comparable,Non-Teaching,50 - 99,Profitable,98,60,54.9016393442623,20094,26469192,0.9150273224043716,11263.852443515478,12246.871155568826,1317.268438339803,0.1075595898419183
106104047,FRESNO SURGICAL HOSPITAL,Fresno,Comparable,Non-Teaching,1 - 49,Profitable,27,7,5.01366120218579,1835,21673701,0.71623731459797,54182.65831062671,65784.44196185286,11811.28119891008,0.1795452062321851
106301283,GARDEN GROVE HOSPITAL AND MEDICAL CENTER,Orange,Comparable,Non-Teaching,150 - 199,Profitable,167,38,37.9262295081967,13881,-17028699,0.998058671268334,5584.118147107557,4333.224407463439,-1226.763129457532,-0.2831063000902019
106190315,GARFIELD MEDICAL CENTER,Los Angeles,Comparable,Non-Teaching,200 - 299,High cost structure,210,132,127.69945355191255,46738,-14184555,0.9674201026660042,7078.732530275151,6640.674911207155,-303.4908425692156,-0.0457018069137864
106190317,GATEWAYS HOSPITAL AND MENTAL HEALTH CENTER,Los Angeles,Comparable,Non-Teaching,50 - 99,Profitable,55,42,41.5983606557377,15225,8459144,0.9904371584699452,3076.0279802955665,3296.511395730706,555.6088013136289,0.1685444806995646
106270777,GEORGE L. MEE MEMORIAL HOSPITAL,Monterey,Comparable,Rural,50 - 99,Low utilization,61,38,35.9562841530055,13160,-143066,0.9462180040264604,5517.047416413374,5313.763905775076,-10.87127659574468,-0.002045871210787
106190522,GLENDALE MEMORIAL HOSPITAL AND HEALTH CTR,Los Angeles,Comparable,Non-Teaching,300 - 499,High cost structure,304,132,131.207650273224,48022,-41785920,0.9939973505547272,7009.204635375453,6051.561680063304,-870.1411852900753,-0.1437878734933381
106190328,GLENDORA HOSPITAL,Los Angeles,Comparable,Non-Teaching,50 - 99,Profitable,63,63,61.11748633879782,22369,1934735,0.9701188307745684,1070.2977334704278,1152.3360454200008,86.49179668290938,0.0750577898059112
106110889,GLENN MEDICAL CENTER,Glenn,Comparable,Rural,1 - 49,Profitable,47,21,20.2896174863388,7426,-4977474,0.9661722612542284,4868.221249663345,3764.8044707783465,-670.2765957446809,-0.1780375583771302
106420483,GOLETA VALLEY COTTAGE HOSPITAL,Santa Barbara,Comparable,Non-Teaching,1 - 49,Profitable,48,9,8.0655737704918,2952,40525879,0.8961748633879778,35835.20901084011,43966.46951219512,13728.27879403794,0.312244284027174
106150775,GOOD SAMARITAN HOSPITAL - BAKERSFIELD,Kern,Comparable,Non-Teaching,50 - 99,Profitable,64,32,32.8169398907104,12011,954539,1.0255293715847,4576.415785529931,4368.953126300891,79.47206727166764,0.0181901853771901
106430779,GOOD SAMARITAN HOSPITAL - SAN JOSE,Santa Clara,Comparable,Non-Teaching,300 - 499,Profitable,474,235,231.9234972677596,84884,154905487,0.9869084990117428,7905.0855520475,9091.010461335469,1824.907956740964,0.2007376368669237
106190352,GREATER EL MONTE COMMUNITY HOSPITAL,Los Angeles,Comparable,Non-Teaching,100 - 149,Low utilization,117,44,41.43715846994535,15166,-5888191,0.9417536015896673,4560.95265725966,4125.273704338652,-388.2494395358038,-0.0941148314904468
106350784,HAZEL HAWKINS MEMORIAL HOSPITAL,San Benito,Comparable,Rural,100 - 149,Profitable,144,107,104.131147540984,38112,15687872,0.9731882947755516,3768.009786943745,3986.683301847187,411.6255247691016,0.1032501188590473
106490964,HEALDSBURG HOSPITAL,Sonoma,Comparable,Rural,1 - 49,Profitable,43,28,22.9398907103825,8396,775766,0.8192818110850892,8755.123749404478,8431.955335874225,92.3970938542163,0.0109579676568147
106304159,HEALTHBRIDGE CHILDREN'S HOSPITAL - ORANGE,Orange,Comparable,Non-Teaching,1 - 49,Profitable,27,22,21.1338797814208,7735,1767044,0.9606308991554908,1909.724886877828,2130.490885585003,228.44783451842275,0.1072277924604658
106331194,HEMET GLOBAL MEDICAL CENTER,Riverside,Comparable,Non-Teaching,300 - 499,Low utilization,417,126,118.36338797814209,43321,-5423452,0.9393919680804927,4297.655294199119,4124.795664920016,-125.19221624616236,-0.0303511316477758
106190949,HENRY MAYO NEWHALL HOSPITAL,Los Angeles,Comparable,Non-Teaching,300 - 499,Profitable,357,190,175.095628415301,64085,44337490,0.9215559390279,6446.375766560038,6669.211391121167,691.8544121089178,0.1037385639072702
106340041,HERITAGE OAKS ENRICHMENT CENTER - PHF,Sacramento,PHF,Non-Teaching,1 - 49,Profitable,16,15,13.7650273224044,5038,325020,0.9176684881602932,1188.6897578404128,1126.43271139341,64.51369591107583,0.0572725696426834
106344021,HERITAGE OAKS HOSPITAL,Sacramento,Comparable,Non-Teaching,100 - 149,Profitable,133,125,117.743169398907,43094,15052728,0.941945355191256,1076.6795377546755,1441.891376989836,349.2998561284634,0.2422511582375081
106362041,HI-DESERT MEDICAL CENTER,San Bernardino,Comparable,Rural,150 - 199,Profitable,179,115,113.44535519125682,41521,8568337,0.9864813494891898,2095.9131282965245,2285.8885142458034,206.3615279015438,0.0902762871485138
106010846,HIGHLAND HOSPITAL,Alameda,Comparable,Non-Teaching,300 - 499,Profitable,475,387,381.4234972677596,139601,10689141,0.9855904322164332,8901.060185815288,4769.592982858289,76.56922944678047,0.0160536191918192
106301205,HOAG MEMORIAL HOSPITAL PRESBYTERIAN,Orange,Comparable,Non-Teaching,500 +,Profitable,536,460,416.669398907104,152501,365803920,0.9058030411024,11777.783568632336,11387.217270706422,2398.6985003377026,0.2106483474683798
106304460,HOAG ORTHOPEDIC INSTITUTE,Orange,Comparable,Non-Teaching,50 - 99,Profitable,70,12,10.8606557377049,3975,45079051,0.9050546448087416,28131.38641509434,38615.49257861635,11340.641761006287,0.2936811368628316
106190382,HOLLYWOOD PRESBYTERIAN MEDICAL CENTER,Los Angeles,Comparable,Non-Teaching,300 - 499,Low utilization,434,272,248.841530054645,91076,-13624396,0.9148585663773714,5745.053570644297,5495.113070402741,-149.59370196319557,-0.0272230434654608
106301209,HUNTINGTON BEACH HOSPITAL,Orange,Comparable,Non-Teaching,100 - 149,Profitable,131,64,64.0956284153005,23459,-10686839,1.0014941939890702,3239.0375975105503,2753.8337525043694,-455.553902553391,-0.1654253464426111
106190400,HUNTINGTON HOSPITAL,Los Angeles,Comparable,Non-Teaching,500 +,Low utilization,544,366,345.112021857923,126311,-12147540,0.942929021469735,6764.167744693653,6187.789915367624,-96.1716715092114,-0.0155421681771007
106121031,JEROLD PHELPS COMMUNITY HOSPITAL,Humboldt,Comparable,Rural,1 - 49,Profitable,17,9,8.65027322404372,3166,8058800,0.9611414693381912,8578.694567277322,5648.0527479469365,2545.4200884396714,0.4506721523386852
106380842,JEWISH HOME & REHAB CENTER,San Francisco,LTC Emphasis,Non-Teaching,300 - 499,Low utilization,375,374,348.781420765027,127654,-14137938,0.9325706437567568,817.8737054851396,742.0933069077349,-110.75201717141648,-0.1492427113147193
106220733,JOHN C. FREMONT HEALTHCARE DISTRICT,Mariposa,Comparable,Rural,1 - 49,Profitable,34,24,20.5601092896175,7525,1453512,0.8566712204007292,5158.380996677741,4106.971827242525,193.15774086378735,0.0470316693147311
106331216,JOHN F. KENNEDY MEMORIAL HOSPITAL,Riverside,Comparable,Non-Teaching,100 - 149,High cost structure,145,49,46.8087431693989,17132,-2921044,0.9552804728448756,9151.4608335279,8936.202194723324,-170.50221807144524,-0.0190799418316792
106074039,JOHN MUIR BEHAVIORAL HEALTH CENTER,Contra Costa,Comparable,Non-Teaching,50 - 99,Low utilization,73,53,50.4699453551913,18472,-6611109,0.9522631199092698,2632.7867583369425,2211.1043741879603,-357.8989281074058,-0.1618643300087749
106071018,JOHN MUIR MEDICAL CENTER - CONCORD CAMPUS,Contra Costa,Comparable,Non-Teaching,200 - 299,Profitable,276,175,159.210382513661,58271,14755122,0.9097736143637772,11811.108596042628,11871.14228346862,253.2155274493316,0.0213303422200533
106070988,JOHN MUIR MEDICAL CENTER - WALNUT CREEK,Contra Costa,Comparable,Non-Teaching,500 +,Profitable,554,295,286.4726775956284,104849,87254963,0.9710938223580624,11074.435664622457,11056.51704832664,832.1964253354824,0.0752675025686712
106196404,JOYCE EISENBERG KEEFER MEDICAL CENTER,Los Angeles,LTC Emphasis,Non-Teaching,200 - 299,Profitable,249,249,239.456284153005,87641,-13492784,0.9616718239076506,615.9125067034835,645.9845848404285,-153.9551579740076,-0.2383263650355336
106074097,KAISER FOUNDATION HOSPITAL - ANTIOCH,Contra Costa,Kaiser,Non-Teaching,150 - 199,Profitable,150,95,92.2650273224044,33769,75565964,0.9712108139200464,15753.12132429151,16052.725280582785,2237.731765820723,0.1393988700801764
106196035,KAISER FOUNDATION HOSPITAL - BALDWIN PARK,Los Angeles,Kaiser,Non-Teaching,200 - 299,Profitable,271,127,124.49726775956285,45566,42508248,0.9802934469256916,15783.370078567354,14920.80009217399,932.8939999122152,0.0625230546719489
106196403,KAISER FOUNDATION HOSPITAL - DOWNEY,Los Angeles,Kaiser,Non-Teaching,300 - 499,Profitable,424,247,243.762295081967,89217,80190689,0.9868918829229434,11757.3932210229,11397.08502863804,898.8274544089131,0.0788646791833511
106361223,KAISER FOUNDATION HOSPITAL - FONTANA,San Bernardino,Kaiser,Teaching,500 +,Profitable,664,385,380.918032786885,139416,160236863,0.989397487758143,12334.213928100076,11859.958139668332,1149.3434254318013,0.0969095684737335
106014132,KAISER FOUNDATION HOSPITAL - FREMONT,Alameda,Kaiser,Non-Teaching,100 - 149,Profitable,100,65,63.6502732240437,23296,30351791,0.9792349726775954,15378.153631524723,15042.27086195055,1302.875643887363,0.0866142922065702
106104062,KAISER FOUNDATION HOSPITAL - FRESNO,Fresno,Kaiser,Non-Teaching,150 - 199,Profitable,169,82,80.0874316939891,29312,70033604,0.9766759962681598,18537.94722298035,17095.121417849346,2389.246861353712,0.1397619123581686
106190429,KAISER FOUNDATION HOSPITAL - LOS ANGELES,Los Angeles,Kaiser,Teaching,500 +,Profitable,560,395,389.918032786885,142710,228744721,0.987134260219962,8940.313916333824,9717.249379861258,1602.8639969168244,0.1649503819711283
106394009,KAISER FOUNDATION HOSPITAL - MANTECA,San Joaquin,Kaiser,Non-Teaching,200 - 299,Profitable,275,156,153.1639344262295,56058,176556586,0.98182009247583,15410.789343180277,16832.860323236648,3149.5341610474866,0.1871062968840633
106334048,KAISER FOUNDATION HOSPITAL - MORENO VALLEY,Riverside,Kaiser,Non-Teaching,100 - 149,Profitable,100,52,50.051912568306,18319,29383491,0.9625367801597308,15226.34215841476,16709.367159779464,1603.98990119548,0.0959934559973275
106014326,KAISER FOUNDATION HOSPITAL - OAKLAND/RICHMOND,Alameda,Kaiser,Teaching,300 - 499,Profitable,365,268,264.22677595628414,96707,89080005,0.9859208058070305,14466.97618579834,13687.469914277146,921.1329583173916,0.0672975330054661
106304409,KAISER FOUNDATION HOSPITAL - ORANGE CO - ANAHEIM,Orange,Kaiser,Teaching,500 +,Profitable,526,293,289.7185792349727,106037,187453959,0.9888006117234563,12003.137404868112,12342.450173052805,1767.8165074455144,0.1432305970580442
106190432,KAISER FOUNDATION HOSPITAL - PANORAMA CITY,Los Angeles,Kaiser,Non-Teaching,200 - 299,Profitable,218,124,121.23497267759562,44372,45105295,0.977701392561255,13558.4226539259,12519.487785089696,1016.5260750022536,0.0811955003632739
106414139,KAISER FOUNDATION HOSPITAL - REDWOOD CITY,San Mateo,Kaiser,Non-Teaching,150 - 199,Profitable,153,73,70.1366120218579,25670,21095215,0.9607755071487384,18796.667315932995,17164.866887417218,821.7847682119206,0.047875976761249
106334025,KAISER FOUNDATION HOSPITAL - RIVERSIDE,Riverside,Kaiser,Non-Teaching,200 - 299,High cost structure,225,124,122.035519125683,44665,-32377998,0.9841574123038952,18324.898981305272,13518.84338967872,-724.9076010298892,-0.0536220133730772
106314024,KAISER FOUNDATION HOSPITAL - ROSEVILLE,Placer,Kaiser,Non-Teaching,300 - 499,Profitable,352,285,280.989071038251,102842,184311827,0.9859265650464948,13135.52940432897,12839.215563680207,1792.1843896462535,0.1395867512900099
106340913,KAISER FOUNDATION HOSPITAL - SACRAMENTO,Sacramento,Kaiser,Teaching,200 - 299,Profitable,287,170,168.560109289617,61693,117318991,0.991530054644806,15376.18442935179,14571.051918369993,1901.6580649344332,0.1305093191341236
106370730,KAISER FOUNDATION HOSPITAL - SAN DIEGO,San Diego,Kaiser,Teaching,500 +,Profitable,621,264,260.510928961749,95347,29605270,0.9867838218248068,15027.018196692085,12359.678836250749,310.50027793218453,0.0251220344837352
106380857,KAISER FOUNDATION HOSPITAL - SAN FRANCISCO,San Francisco,Kaiser,Teaching,200 - 299,Profitable,239,163,160.01912568306,58567,101239309,0.9817124275034356,14471.455375894277,14113.218638482422,1728.6067068485663,0.1224813950047642
106431506,KAISER FOUNDATION HOSPITAL - SAN JOSE,Santa Clara,Kaiser,Teaching,200 - 299,Profitable,247,134,132.314207650273,48427,118944660,0.9874194600766644,14304.893902162015,14814.448943771036,2456.164123319636,0.1657951728506491
106014337,KAISER FOUNDATION HOSPITAL - SAN LEANDRO,Alameda,Kaiser,Non-Teaching,200 - 299,Profitable,216,119,116.407103825137,42605,34846368,0.9782109565137564,17076.329726557917,15994.323248445018,817.8938622227438,0.0511365094676487
106370028,KAISER FOUNDATION HOSPITAL - SAN MARCOS,San Diego,Kaiser,Non-Teaching,150 - 199,High cost structure,168,69,66.8360655737705,24462,-89651247,0.9686386315039204,16848.780107922492,13085.213392200149,-3664.918935491783,-0.2800809452352052
106210992,KAISER FOUNDATION HOSPITAL - SAN RAFAEL,Marin,Kaiser,Non-Teaching,100 - 149,High cost structure,116,55,54.3360655737705,19887,-39624264,0.9879284649776454,17962.395585055565,12560.224116256852,-1992.470659224619,-0.1586333683843857
106434153,KAISER FOUNDATION HOSPITAL - SANTA CLARA,Santa Clara,Kaiser,Teaching,300 - 499,Profitable,343,266,262.814207650273,96190,348535767,0.9880233370311016,13529.6859132966,15553.576723152097,3623.4095747998754,0.2329631080551582
106494019,KAISER FOUNDATION HOSPITAL - SANTA ROSA,Sonoma,Kaiser,Non-Teaching,150 - 199,Profitable,172,107,103.945355191257,38044,38677174,0.971451917675299,14799.40518872884,13685.960335401114,1016.6432026075072,0.0742836584129053
106190431,KAISER FOUNDATION HOSPITAL - SOUTH BAY,Los Angeles,Kaiser,Non-Teaching,200 - 299,Profitable,257,148,145.20218579235,53144,42528940,0.9810958499483108,12825.470626975764,12238.64214210447,800.258542827036,0.0653878537778235
106342344,KAISER FOUNDATION HOSPITAL - SOUTH SACRAMENTO,Sacramento,Kaiser,Teaching,200 - 299,Profitable,241,180,177.483606557377,64959,18767061,0.986020036429872,15316.977293369664,13730.72485721763,288.906248556782,0.0210408592088943
106410806,KAISER FOUNDATION HOSPITAL - SOUTH SAN FRANCISCO,San Mateo,Kaiser,Non-Teaching,100 - 149,Profitable,120,73,71.3060109289617,26098,39250624,0.9767946702597492,13638.88658134723,13370.543796459498,1503.9705724576595,0.1124838746540667
106484044,KAISER FOUNDATION HOSPITAL - VACAVILLE,Solano,Kaiser,Non-Teaching,150 - 199,Profitable,150,79,76.53551912568305,28012,35634065,0.9688040395656082,17616.097029844354,16826.319505926032,1272.0999928602027,0.0756017970782133
106070990,KAISER FOUNDATION HOSPITAL - WALNUT CREEK,Contra Costa,Kaiser,Non-Teaching,200 - 299,Profitable,249,158,155.948087431694,57077,21697823,0.987013211593,15148.329011685968,13441.03328836484,380.1500254042784,0.0282827977022684
106190434,KAISER FOUNDATION HOSPITAL - WEST LOS ANGELES,Los Angeles,Kaiser,Non-Teaching,200 - 299,Profitable,265,119,116.72131147540983,42720,3176571,0.9808513569362172,15091.495973782772,13126.49770599251,74.35793539325843,0.0056647200996586
106191450,KAISER FOUNDATION HOSPITAL - WOODLAND HILLS,Los Angeles,Kaiser,Non-Teaching,200 - 299,High cost structure,274,117,113.6775956284153,41606,-4759869,0.971603381439447,14022.117723405278,12534.094721915108,-114.40342739028024,-0.0091273785565265
106480989,KAISER FOUNDATION HOSPITAL REHABILITATION CENTER - VALLEJO,Solano,Kaiser,Non-Teaching,200 - 299,Profitable,253,149,145.83333333333331,53375,37459108,0.9787472035794182,11785.391587822014,11376.115297423888,701.8099859484778,0.0616915324431884
106434218,KAISER PERMANENTE PHF - SANTA CLARA,Santa Clara,PHF,Non-Teaching,1 - 49,Low utilization,24,20,19.0819672131148,6984,-2485742,0.95409836065574,2999.5811855670104,2641.676975945017,-355.9195303550974,-0.134732419442681
106540734,KAWEAH DELTA MEDICAL CENTER,Tulare,Comparable,Teaching,500 +,Profitable,613,404,390.896174863388,143068,21356827,0.967564789265812,5992.274114407135,5509.11278552856,149.27745547571783,0.0270964602263803
106194219,KECK HOSPITAL OF USC,Los Angeles,Comparable,Teaching,300 - 499,High cost structure,401,249,247.53825136612025,90599,-28756162,0.994129523558716,18190.210388635634,17806.312806984624,-317.4004348833872,-0.0178251633745805
106190150,KEDREN COMMUNITY MENTAL HEALTH CENTER,Los Angeles,Comparable,Non-Teaching,50 - 99,Profitable,72,57,56.6147540983607,20721,-3283750,0.9932412999712404,2551.9140485497805,2374.065585637759,-158.4744944742049,-0.0667523658288627
106210993,KENTFIELD HOSPITAL,Marin,Comparable,Non-Teaching,100 - 149,Profitable,120,97,96.2290076335878,25212,-1623916,0.992051625088534,2770.6062192606696,2706.195621132794,-64.41043947326669,-0.0238011025405121
106150736,KERN MEDICAL CENTER,Kern,Comparable,Teaching,200 - 299,Profitable,222,163,154.92896174863387,56704,5882051,0.9504844279057292,9526.601121613996,8491.899195823928,103.7325585496614,0.0122154721997493
106150737,KERN VALLEY HOSPITAL DISTRICT,Kern,Comparable,Rural,100 - 149,Profitable,101,44,43.2377049180328,15825,-146487,0.9826751117734728,2171.34868878357,1997.739083728278,-9.256682464454975,-0.0046335792996449
106190049,KINDRED HOSPITAL - BALDWIN PARK,Los Angeles,Comparable,Non-Teaching,50 - 99,Profitable,91,75,73.96994535519126,27073,14149627,0.9862659380692168,1940.54257008828,2445.162560484616,522.6471761533631,0.2137474148343649
106301127,KINDRED HOSPITAL - BREA,Orange,Comparable,Non-Teaching,50 - 99,Profitable,86,80,77.8825136612022,28505,707038,0.9735314207650274,1717.4992457463602,1730.9326433958954,24.80399929836871,0.0143298466251731
106190449,KINDRED HOSPITAL - LA MIRADA,Los Angeles,Comparable,Non-Teaching,200 - 299,Profitable,248,142,140.415300546448,51392,3520044,0.9888401446932958,2156.3500350249064,2205.132024439601,68.49400684931507,0.0310611818658439
106190305,KINDRED HOSPITAL - LOS ANGELES,Los Angeles,Comparable,Non-Teaching,50 - 99,Profitable,81,42,41.58196721311475,15219,1616486,0.990046838407494,2834.8639858072147,2911.7389447401274,106.21499441487614,0.0364781996019069
106361274,KINDRED HOSPITAL - ONTARIO,San Bernardino,Comparable,Non-Teaching,50 - 99,Profitable,91,71,70.5054644808743,25805,-3421057,0.9930347109982296,2426.357566363108,2275.418136020151,-132.57341600465026,-0.0582633204447115
106190599,KINDRED HOSPITAL - PARAMOUNT,Los Angeles,Comparable,Non-Teaching,150 - 199,Profitable,183,80,78.8306010928962,28852,4008878,0.9853825136612026,2420.6269582697905,2546.956190212117,138.94627755441564,0.054553854553283
106364188,KINDRED HOSPITAL - RANCHO,San Bernardino,Comparable,Non-Teaching,50 - 99,Profitable,55,51,49.379781420765,18073,2633477,0.968231008250294,2355.0421623416146,2464.726608753389,145.71332927571515,0.059119469379776
106332172,KINDRED HOSPITAL - RIVERSIDE,Riverside,Comparable,Non-Teaching,1 - 49,Profitable,40,38,36.9672131147541,13530,752496,0.9728213977566867,2297.934368070953,2334.8326681448634,55.616851441241685,0.0238204870953051
106370721,KINDRED HOSPITAL - SAN DIEGO,San Diego,Comparable,Non-Teaching,50 - 99,Profitable,70,55,54.79234972677596,20054,-4354703,0.9962245404868356,2189.8002892191084,1956.390844719258,-217.14884811010276,-0.1109946147500314
106010887,KINDRED HOSPITAL - SAN FRANCISCO BAY AREA,Alameda,Comparable,Non-Teaching,50 - 99,Profitable,99,70,68.6885245901639,25140,-1617471,0.9812646370023412,2715.9482100238665,2632.679355608592,-64.33854415274463,-0.02443842772409
106190196,KINDRED HOSPITAL - SOUTH BAY,Los Angeles,Comparable,Non-Teaching,50 - 99,Profitable,62,44,42.4590163934426,15540,-3973462,0.9649776453055136,2428.190990990991,2151.397619047619,-255.6925353925354,-0.1188495018906479
106301380,KINDRED HOSPITAL - WESTMINSTER,Orange,Comparable,Non-Teaching,100 - 149,Profitable,109,84,82.42896174863388,30169,-3643104,0.9812971636742128,2226.342172428652,2086.218270410024,-120.75653816831849,-0.0578829837131975
106190661,L.A. DOWNTOWN MEDICAL CENTER,Los Angeles,Comparable,Non-Teaching,300 - 499,Profitable,315,201,200.355191256831,73330,26983883,0.9967919963026418,1683.2579844538388,2001.163071048684,367.97876721669166,0.1838824494316982
106194981,LA CASA PSYCHIATRIC HEALTH FACILITY,Los Angeles,PHF,Non-Teaching,1 - 49,Profitable,16,16,15.472677595628417,5663,2618405,0.967042349726776,814.8779798693272,1277.1900052975454,462.3706515980929,0.3620218210918233
106301234,LA PALMA INTERCOMMUNITY HOSPITAL,Orange,Comparable,Non-Teaching,100 - 149,Profitable,138,49,47.931693989071,17543,86181,0.978197836511653,3778.660206350112,3679.8314427406954,4.912557715328051,0.0013349953093691
106191227,LAC/HARBOR - UCLA MEDICAL CENTER,Los Angeles,Comparable,Teaching,300 - 499,Profitable,453,304,299.3497267759563,109562,497569588,0.9847030486051194,13387.623856811668,13014.1968109381,4541.443091582848,0.3489606894346243
106191231,LAC/OLIVE VIEW - UCLA MEDICAL CENTER,Los Angeles,Comparable,Teaching,300 - 499,Profitable,355,189,184.57650273224,67555,134588313,0.9765952525515345,12337.302020575828,11054.895300125823,1992.2775960328624,0.1802167765451552
106191306,LAC/RANCHO LOS AMIGOS NATIONAL REHABILITATION CENTER,Los Angeles,Comparable,Non-Teaching,150 - 199,Profitable,158,102,101.754098360656,37242,290409508,0.9975891996142744,9977.994576016326,10955.74987916868,7797.903120133183,0.7117635219986316
106380865,LAGUNA HONDA HOSPITAL AND REHABILITATION CENTER,San Francisco,LTC Emphasis,Non-Teaching,500 +,Profitable,780,459,456.48087431694,167072,-128527481,0.9945117087515032,1937.3027616835852,811.3748443784716,-769.2939630817851,-0.9481363249203008
106304583,LAGUNA TREATMENT CENTER,Orange,Comparable,Non-Teaching,50 - 99,Profitable,93,68,67.16666666666667,24583,2563323,0.9877450980392156,643.0900622381321,747.3622421998942,104.2721799617622,0.1395202675142275
106380046,LANGLEY PORTER PSYCHIATRIC INSTITUTE,San Francisco,Comparable,Non-Teaching,50 - 99,Low utilization,56,23,19.4403669724771,6357,-9200726,0.8452333466294392,3722.460437313198,2160.0704734937863,-1447.337737926695,-0.6700419063576716
106364502,LOMA LINDA UNIVERSITY CHILDREN'S HOSPITAL,San Bernardino,Comparable,Non-Teaching,300 - 499,Profitable,364,241,238.6857923497268,87359,41824581,0.9903974786295716,7498.388443091153,7905.323424031869,478.76670978376586,0.0605625708276949
106361246,LOMA LINDA UNIVERSITY MEDICAL CENTER,San Bernardino,Comparable,Teaching,500 +,Profitable,571,503,495.344262295082,181296,115579063,0.9847798455170615,9532.995824507989,9338.246701526785,637.5157918542053,0.0682693242351342
106334589,LOMA LINDA UNIVERSITY MEDICAL CENTER - MURRIETA,Riverside,Comparable,Non-Teaching,100 - 149,High cost structure,111,132,128.650273224044,47086,-20543601,0.9746232820003334,7214.381705814892,6655.959457163488,-436.2995582551077,-0.0655502127173475
106420491,LOMPOC VALLEY MEDICAL CENTER,Santa Barbara,Comparable,Rural,150 - 199,Profitable,170,125,114.17486338797816,41788,7138572,0.9133989071038252,3800.652651478893,3691.241313295683,170.82827606011296,0.0462793574196293
106190198,LOS ANGELES COMMUNITY HOSPITAL,Los Angeles,Comparable,Non-Teaching,200 - 299,Profitable,212,173,169.814207650273,62152,-2370754,0.9815850153194972,5098.809402754538,5053.224803707041,-38.144452310464665,-0.0075485365864748
106191228,LOS ANGELES GENERAL MEDICAL CENTER,Los Angeles,Comparable,Teaching,500 +,Profitable,676,470,461.669398907104,168971,488049298,0.9822753168236256,11118.100928561706,10898.136212722891,2888.361304602565,0.2650325934842495
106560492,LOS ROBLES HOSPITAL AND MEDICAL CENTER,Ventura,Comparable,Non-Teaching,300 - 499,Profitable,386,239,233.9945355191257,85642,114694820,0.9790566339712372,6339.785350645711,7368.769423880806,1339.235655402723,0.1817448176709818
106434040,LUCILE SALTER PACKARD CHILDREN'S HOSPITAL AT STANFORD,Santa Clara,Comparable,Non-Teaching,300 - 499,Profitable,394,314,285.729508196721,104577,156061632,0.9099665866137612,24657.22414106352,24902.728028151505,1492.3131472503514,0.059925689489254
106121002,MAD RIVER COMMUNITY HOSPITAL,Humboldt,Comparable,Non-Teaching,50 - 99,High cost structure,78,42,10.2896174863388,3766,-10278879,0.2449908925318762,16062.82342007435,13145.566383430696,-2729.3890069038766,-0.2076281026844252
106260011,MAMMOTH HOSPITAL,Mono,Comparable,Rural,1 - 49,Profitable,17,4,3.3961748633879782,1243,22735949,0.8490437158469946,80152.73451327434,85270.99678197908,18291.18986323411,0.2145065796521768
106420493,MARIAN MEDICAL CENTER,Santa Barbara,Comparable,Non-Teaching,300 - 499,Profitable,388,272,267.724043715847,97987,137762269,0.9842795724847316,7624.455927827161,8879.553277475583,1405.9239388898527,0.1583327330729807
106244027,MARIE GREEN PSYCHIATRIC CENTER - PHF,Merced,PHF,Non-Teaching,1 - 49,Profitable,16,16,9.658469945355192,3535,6045495,0.6036543715846995,1926.3374823196605,3636.519943422914,1710.1824611032532,0.4702799620819693
106211006,MARINHEALTH MEDICAL CENTER,Marin,Comparable,Non-Teaching,300 - 499,Profitable,327,150,137.508196721311,50328,22994165,0.9167213114754068,11920.980368780798,12535.942437609285,456.8861270068352,0.0364460932459392
106050932,MARK TWAIN MEDICAL CENTER,Calaveras,Comparable,Rural,1 - 49,Profitable,25,7,6.62841530054645,2426,997202,0.9469164715066356,34924.7131079967,34768.03009068425,411.0478153338829,0.011822579946628
106090933,MARSHALL MEDICAL CENTER,El Dorado,Comparable,Rural,100 - 149,Profitable,111,48,45.4398907103825,16631,8800982,0.9466643897996354,20022.4613071974,20002.40671036017,529.1913895736877,0.0264563858357902
106191230,"MARTIN LUTHER KING, JR. COMMUNITY HOSPITAL",Los Angeles,Comparable,Non-Teaching,100 - 149,High cost structure,131,123,141.4617486338798,51775,-10426129,1.1500955173486165,8079.954958957025,7343.234727184935,-201.37380975374217,-0.0274230386519238
106450936,MAYERS MEMORIAL HOSPITAL,Shasta,Comparable,Rural,100 - 149,Profitable,115,93,84.6885245901639,30996,9108511,0.910629296668429,1646.0961091753777,1731.201542134469,293.86085301329206,0.169743872022537
106240924,MEMORIAL HOSPITAL LOS BANOS,Merced,Comparable,Rural,1 - 49,Profitable,38,16,14.2814207650273,5227,43448938,0.8925887978142063,17409.64358140425,25051.462980677254,8312.404438492444,0.3318131338239201
106500939,MEMORIAL HOSPITAL MODESTO,Stanislaus,Comparable,Non-Teaching,300 - 499,Profitable,419,325,294.934426229508,107946,138382035,0.90749054224464,7886.901950975488,8840.828914457228,1281.9561169473625,0.1450040634595932
106190521,MEMORIAL HOSPITAL OF GARDENA,Los Angeles,Comparable,Non-Teaching,150 - 199,Profitable,172,137,132.989071038251,48674,20268818,0.970723146264606,3797.278711427045,4235.050088342852,416.4198134527674,0.0983270102516567
106190525,MEMORIALCARE LONG BEACH MEDICAL CENTER,Los Angeles,Comparable,Teaching,300 - 499,Profitable,453,310,282.4535519125683,103378,41106843,0.9111404900405428,7670.78282613322,7983.95686703167,397.6362765772215,0.0498044119225129
106196168,MEMORIALCARE MILLER CHILDREN'S & WOMEN'S HOSPITAL LONG BEACH,Los Angeles,Comparable,Teaching,300 - 499,High cost structure,355,176,160.013661202186,58565,-66066825,0.909168529557875,9094.747613762484,7752.640177580466,-1128.093998121745,-0.1455109449531828
106300225,MEMORIALCARE ORANGE COAST MEDICAL CENTER,Orange,Comparable,Non-Teaching,200 - 299,Profitable,221,163,148.95355191256832,54517,31625989,0.9138254718562472,8986.253297136673,9474.389548214318,580.1124236476695,0.0612295304827323
106301317,MEMORIALCARE SADDLEBACK MEDICAL CENTER,Orange,Comparable,Non-Teaching,200 - 299,Profitable,252,136,123.69945355191255,45274,35490411,0.9095548055287688,9393.142090383002,9925.396364359234,783.9027035384547,0.0789794860337612
106334018,MENIFEE GLOBAL MEDICAL CENTER,Riverside,Comparable,Non-Teaching,50 - 99,Low utilization,84,44,40.0437158469945,14656,-13867175,0.9100844510680568,4305.469364082969,3333.3117494541484,-946.177333515284,-0.2838550380624394
106340947,MERCY GENERAL HOSPITAL,Sacramento,Comparable,Non-Teaching,300 - 499,Profitable,313,205,187.6584699453552,68683,60424105,0.9154071704651472,10672.15788477498,11337.745788623097,879.753432435974,0.0775950924317571
106150761,MERCY HOSPITAL - BAKERSFIELD,Kern,Comparable,Non-Teaching,200 - 299,Profitable,229,134,122.207650273224,44728,56277896,0.9119973900986866,9104.6248882132,9817.751855660885,1258.2251833303524,0.1281581773331196
106344029,MERCY HOSPITAL - FOLSOM,Sacramento,Comparable,Non-Teaching,100 - 149,Profitable,106,81,74.5,27267,109931068,0.9197530864197532,9439.194374151904,11092.981039351596,4031.6524736861406,0.363441752887175
106240942,MERCY MEDICAL CENTER - MERCED,Merced,Comparable,Non-Teaching,150 - 199,Profitable,186,140,127.398907103825,46628,57451892,0.90999219359875,8339.44872179806,9298.800677704385,1232.132881530411,0.1325044943144851
106470871,MERCY MEDICAL CENTER - MT. SHASTA,Siskiyou,Comparable,Rural,1 - 49,Profitable,25,8,6.34426229508197,2322,10645835,0.7930327868852463,30147.03057708872,32930.95391903532,4584.769595176572,0.1392237105080155
106450949,MERCY MEDICAL CENTER - REDDING,Shasta,Comparable,Non-Teaching,200 - 299,Profitable,266,188,184.095628415301,67379,187063433,0.9792320660388352,8937.16554119236,10006.008073732171,2776.286869796227,0.2774619857727829
106340950,MERCY SAN JUAN MEDICAL CENTER,Sacramento,Comparable,Non-Teaching,300 - 499,Profitable,384,295,275.456284153005,100817,25734315,0.9337501157728983,8003.6882668597555,8124.291786107502,255.2576946348334,0.0314190702839258
106013687,MERRITT PERALTA INSTITUTE CDRH,Alameda,Comparable,Non-Teaching,1 - 49,Low utilization,24,8,6.88251366120219,2519,-294575,0.8603142076502738,2255.274712187376,2138.2500992457326,-116.94124652639935,-0.0546901630298768
106340951,METHODIST HOSPITAL - SACRAMENTO,Sacramento,Comparable,Non-Teaching,300 - 499,Profitable,329,265,251.087431693989,91898,3487356,0.947499742241468,4150.942925852576,4115.565703279724,37.94811638991055,0.0092206318950683
106190958,METROPOLITAN STATE HOSPITAL,Los Angeles,State,Non-Teaching,500 +,Profitable,1106,1042,821.2349726775956,300572,0,0.7881333710917424,1311.6958266239037,1311.6400363307291,0.0,0.0
106410852,MILLS-PENINSULA MEDICAL CENTER,San Mateo,Comparable,Non-Teaching,300 - 499,Profitable,301,194,176.456284153005,64583,66000856,0.9095684750154897,13376.772912376322,13877.530464673366,1021.9540126658718,0.0736409129324095
106190524,MISSION COMMUNITY HOSPITAL - PANORAMA,Los Angeles,Comparable,Non-Teaching,100 - 149,Low utilization,145,119,112.775956284153,41276,-12229608,0.9476971116315378,4704.591287915496,4255.462738637465,-296.2885938559938,-0.0696254701435503
106254005,MODOC MEDICAL CENTER,Modoc,Comparable,Rural,50 - 99,Profitable,58,55,52.58469945355191,19246,7906901,0.9560854446100348,2243.4012781876754,2257.161695936818,410.8334718902629,0.1820133101805759
106190541,MONROVIA MEMORIAL HOSPITAL,Los Angeles,Comparable,Non-Teaching,1 - 49,Profitable,49,23,22.620218579235,8279,2431376,0.9834877643145652,2808.4602005073075,3092.770020533881,293.679913032975,0.0949569192287628
106361166,MONTCLAIR HOSPITAL MEDICAL CENTER,San Bernardino,Comparable,Non-Teaching,100 - 149,Profitable,122,30,30.3251366120219,11099,5035462,1.0108378870673966,5314.128029552212,5573.783764303091,453.6860978466528,0.0813964296125468
106190547,MONTEREY PARK HOSPITAL,Los Angeles,Comparable,Non-Teaching,100 - 149,Profitable,101,44,42.6256830601093,15601,6112643,0.9687655240933932,7160.561053778604,7389.251971027498,391.8109736555349,0.0530244435014241
106190552,MOTION PICTURE AND TELEVISION HOSPITAL,Los Angeles,Comparable,Non-Teaching,200 - 299,Profitable,277,199,193.808743169399,70934,8123869,0.9739132822582864,936.9247610454788,470.3992725632278,114.52715200045112,0.2434679615391139
106361266,MOUNTAINS COMMUNITY HOSPITAL,San Bernardino,Comparable,Rural,1 - 49,Profitable,37,23,22.1475409836066,8106,3682474,0.9629365645046348,4579.30310880829,4258.1284233900815,454.28990870959785,0.1066876955176278
106281266,NAPA STATE HOSPITAL,Napa,State,Non-Teaching,500 +,Profitable,1418,1284,1093.13114754098,400086,0,0.8513482457484268,1200.8757117219798,1200.8521342911274,0.0,0.0
106274043,NATIVIDAD MEDICAL CENTER,Monterey,Comparable,Non-Teaching,150 - 199,Profitable,172,138,130.469945355191,47752,6958780,0.9454343866318188,8784.300154967332,8546.249811526219,145.72750879544313,0.0170516322374408
106514033,NORTH VALLEY BEHAVIORAL HEALTH - PHF,Sutter,PHF,Non-Teaching,1 - 49,Profitable,16,16,15.8661202185792,5807,2114,0.9916325136612,1057.1093507835371,1058.0885138625797,0.3640433959014982,0.0003440576011666
106481357,NORTHBAY MEDICAL CENTER,Solano,Comparable,Non-Teaching,200 - 299,Profitable,204,140,134.885245901639,49368,36816893,0.9634660421545642,15754.355230108573,11154.472958191542,745.7643210176633,0.0668578716191153
106141273,NORTHERN INYO HOSPITAL,Inyo,Comparable,Rural,1 - 49,Profitable,25,8,5.937158469945355,2173,3003387,0.7421448087431693,53348.06580763921,53706.68154624943,1382.1385181776343,0.0257349454180558
106190568,NORTHRIDGE HOSPITAL MEDICAL CENTER,Los Angeles,Comparable,Non-Teaching,300 - 499,Profitable,394,241,228.254098360656,83541,39867571,0.9471124413305227,6461.136866927616,6781.710238086688,477.2216157335919,0.0703689186030793
106214034,NOVATO COMMUNITY HOSPITAL,Marin,Comparable,Non-Teaching,1 - 49,Profitable,47,19,17.5327868852459,6417,9961036,0.9227782571182054,16809.34502103787,17908.04004986754,1552.28860838398,0.0866810998892903
106500967,OAK VALLEY HOSPITAL DISTRICT,Stanislaus,Comparable,Rural,150 - 199,Profitable,150,100,90.5355191256831,33136,10060767,0.905355191256831,2512.8492576050216,2328.6568083051666,303.6204430226944,0.130384366618486
106198495,OCEAN VIEW PSYCHIATRIC HEALTH FACILITY,Los Angeles,PHF,Non-Teaching,50 - 99,Profitable,79,27,27.3087431693989,9995,-6368386,1.0114349321999592,1735.7688844422212,1100.8041020510254,-637.1571785892946,-0.5788106870260923
106301566,ORANGE COUNTY GLOBAL MEDICAL CENTER,Orange,Comparable,Non-Teaching,200 - 299,Profitable,256,153,139.368852459016,51009,1531211,0.9109075324118694,4625.757317336156,4639.398753161207,30.01844772491129,0.0064703314636314
106040802,ORCHARD HOSPITAL,Butte,Comparable,Rural,1 - 49,Profitable,24,17,16.6366120218579,6089,732877,0.9786242365798764,4945.166365577271,4868.545245524717,120.36081458367548,0.0247221312555971
106040937,OROVILLE HOSPITAL,Butte,Comparable,Non-Teaching,200 - 299,Profitable,279,221,219.131147540984,80202,32077055,0.9915436540316016,5065.700805466198,5149.933555272936,399.95330540385527,0.0776618379851424
106331226,PACIFIC GROVE HOSPITAL,Riverside,Comparable,Non-Teaching,50 - 99,Profitable,68,66,65.6065573770492,24012,2419402,0.9940387481371092,1067.5529735132434,1167.9587706146926,100.75803764784274,0.0862684883943413
106190696,PACIFICA HOSPITAL OF THE VALLEY,Los Angeles,Comparable,Non-Teaching,200 - 299,Profitable,231,149,135.707650273224,49669,2192131,0.9107895991491544,2370.815136201655,2245.4525357869093,44.13479232519278,0.0196551882624078
106196405,PALMDALE REGIONAL MEDICAL CENTER,Los Angeles,Comparable,Non-Teaching,150 - 199,Profitable,184,131,144.669398907104,52949,-11478387,1.1043465565427788,5431.415569699145,5188.131673874861,-216.78194111314664,-0.0417842018553161
106331288,PALO VERDE HOSPITAL,Riverside,Comparable,Rural,1 - 49,High cost structure,25,4,3.65573770491803,1338,-14757137,0.9139344262295076,19952.740657698057,8647.31240657698,-11029.250373692075,-1.2754541359351652
106374382,PALOMAR MEDICAL CENTER,San Diego,Comparable,Non-Teaching,200 - 299,Profitable,292,224,221.887978142076,81211,368176,0.9905713309914108,7291.490955658716,7061.249793747153,4.533573038135228,0.0006420354994592
106370977,PALOMAR MEDICAL CENTER POWAY,San Diego,Comparable,Non-Teaching,150 - 199,Profitable,182,158,156.475409836066,57270,-4112227,0.9903506951649748,3405.454478784704,3068.373005063733,-71.80420813689541,-0.0234013948168612
106374572,PALOMAR REHABILITATION INSTITUTE,San Diego,Comparable,Non-Teaching,50 - 99,Profitable,52,42,41.58743169398907,15221,10171961,0.9901769450949778,1945.1267985020693,2607.5442480783126,668.2846724919519,0.2562889097603843
106370759,PARADISE VALLEY HOSPITAL,San Diego,Comparable,Non-Teaching,200 - 299,Profitable,291,128,127.434426229508,46641,11772452,0.9955814549180312,3315.627645204863,3383.5142900023584,252.4056516798525,0.0745986657794421
106454013,PATIENTS' HOSPITAL OF REDDING,Shasta,Comparable,Non-Teaching,1 - 49,High cost structure,10,5,0.42896174863388,157,-3931102,0.0857923497267759,86032.08917197453,60792.14649681529,-25038.866242038217,-0.4118766598141081
106361768,PATTON STATE HOSPITAL,San Bernardino,State,Non-Teaching,500 +,Profitable,1287,1315,1339.1393442622953,490125,75097165,1.0183569157888177,928.7730109665902,1081.9929303749043,153.22043356286662,0.1416094590468133
106491001,PETALUMA VALLEY HOSPITAL,Sonoma,Comparable,Non-Teaching,50 - 99,High cost structure,80,20,18.1338797814208,6637,-11045227,0.90669398907104,14360.278740394757,12590.293054090704,-1664.1896941389182,-0.1321803779299805
106190243,PIH HEALTH DOWNEY HOSPITAL,Los Angeles,Comparable,Non-Teaching,150 - 199,Profitable,199,88,84.4918032786885,30924,40827100,0.9601341281669148,7121.560341482344,7056.018852671064,1320.239943086276,0.1871083355434201
106190392,PIH HEALTH GOOD SAMARITAN HOSPITAL,Los Angeles,Comparable,Non-Teaching,300 - 499,High cost structure,408,163,157.084699453552,57493,-7824110,0.9637098125984784,7059.487276711948,6252.680048005845,-136.08804550119146,-0.0217647543863361
106190631,PIH HEALTH WHITTIER HOSPITAL,Los Angeles,Comparable,Non-Teaching,500 +,Profitable,533,301,290.751366120219,106415,149730173,0.9659513824591994,8367.81456561575,8162.463440304468,1407.0401071277545,0.1723793456985175
106130760,PIONEERS MEMORIAL HEALTHCARE DISTRICT,Imperial,Comparable,Non-Teaching,200 - 299,Profitable,206,131,130.745901639344,47853,9738379,0.9980603178575878,3296.5885733391847,3298.763609387081,203.50613336676903,0.0616916388878744
106320986,PLUMAS DISTRICT HOSPITAL,Plumas,Comparable,Rural,1 - 49,Profitable,16,2,1.68306010928962,616,633621,0.84153005464481,68670.90584415584,63699.65097402597,1028.6055194805194,0.016147741843985
106190630,POMONA VALLEY HOSPITAL MEDICAL CENTER,Los Angeles,Comparable,Non-Teaching,300 - 499,Profitable,427,254,247.3579234972678,90533,27156629,0.9738500925089284,8853.866181392421,8971.321010018446,299.9638695282383,0.0334358640375551
106541123,PORTERVILLE STATE HOSPITAL,Tulare,State,Non-Teaching,500 +,Profitable,607,197,179.901639344262,65844,128721645,0.9132062910876244,1056.8449061417896,3011.5470354170466,1954.9487424822307,0.6491509909993833
106190385,PROVIDENCE HOLY CROSS MEDICAL CENTER,Los Angeles,Comparable,Non-Teaching,300 - 499,Profitable,378,288,263.601092896175,96478,48925257,0.9152815725561632,6365.291102634797,6548.9161052260615,507.11309314040506,0.0774346601776936
106190680,PROVIDENCE LITTLE COMPANY OF MARY MC - SAN PEDRO,Los Angeles,Comparable,Non-Teaching,300 - 499,Low utilization,356,209,191.562841530055,70112,-26001469,0.9165686197610288,3414.201377795527,2997.785272136011,-370.8561872432679,-0.1237100571179408
106190470,PROVIDENCE LITTLE COMPANY OF MARY MC - TORRANCE,Los Angeles,Comparable,Non-Teaching,300 - 499,Low utilization,441,281,256.4617486338798,93865,-26329955,0.9126752620422768,6153.212123794811,5719.750045277792,-280.50876258456293,-0.0490421365206596
106301262,PROVIDENCE MISSION HOSPITAL,Orange,Comparable,Non-Teaching,500 +,High cost structure,504,239,217.73497267759564,79691,-14594381,0.9110249902828268,10928.369740623157,10632.40611863322,-183.1371296633246,-0.0172244295054134
106281047,PROVIDENCE QUEEN OF THE VALLEY MEDICAL CENTER,Napa,Comparable,Non-Teaching,150 - 199,Profitable,198,68,61.9016393442623,22656,1524617,0.910318225650916,15611.706523658191,15120.73300670904,67.29418255649718,0.0044504576945204
106121051,PROVIDENCE REDWOOD MEMORIAL HOSPITAL,Humboldt,Comparable,Rural,1 - 49,Profitable,20,12,10.7595628415301,3938,1073627,0.896630236794175,13483.336719146777,12980.599542915186,272.63255459624173,0.0210030787634184
106491064,PROVIDENCE SANTA ROSA MEMORIAL HOSPITAL,Sonoma,Comparable,Non-Teaching,300 - 499,High cost structure,329,172,163.58196721311475,59871,-32207683,0.951057948913458,12432.629553540111,11574.396719613836,-537.9513119874397,-0.0464776977167055
106190756,PROVIDENCE ST. JOHN'S HEALTH CENTER,Los Angeles,Comparable,Non-Teaching,200 - 299,High cost structure,237,151,137.680327868852,50391,-49738368,0.9117902507870994,10691.524200750137,9211.83568494374,-987.0486396380306,-0.1071500484155736
106301340,PROVIDENCE ST. JOSEPH HOSPITAL,Orange,Comparable,Non-Teaching,300 - 499,High cost structure,463,269,251.079234972678,91895,-24983910,0.933380055660513,10537.579128353012,9962.462886990586,-271.8745307144023,-0.0272898914453601
106121080,PROVIDENCE ST. JOSEPH HOSPITAL - EUREKA,Humboldt,Comparable,Non-Teaching,150 - 199,High cost structure,153,110,100.360655737705,36732,-3863798,0.9123695976155,10685.405858651857,10442.17374496352,-105.18888162909724,-0.0100734659466695
106190758,PROVIDENCE ST. JOSEPH MEDICAL CENTER,Los Angeles,Comparable,Non-Teaching,300 - 499,Profitable,392,236,214.784153005465,78611,30737344,0.9101023432434956,7147.180674460317,7344.248985510933,391.0056353436542,0.0532397030812882
106301342,PROVIDENCE ST. JUDE MEDICAL CENTER,Orange,Comparable,Non-Teaching,300 - 499,High cost structure,320,252,229.508196721311,84000,-1000289,0.9107468123861548,11281.045583333333,10828.210523809525,-11.908202380952382,-0.0010997387199637
106361343,PROVIDENCE ST. MARY MEDICAL CENTER,San Bernardino,Comparable,Rural,200 - 299,Profitable,213,167,155.505464480874,56915,8686894,0.9311704459932576,7001.960537643855,6776.2193797768605,152.6292541509268,0.0225242492305426
106190517,PROVIDENCE TARZANA MEDICAL CENTER,Los Angeles,Comparable,Non-Teaching,200 - 299,High cost structure,204,156,142.34699453551912,52099,-106435817,0.9124807342020456,9023.966985930632,6621.217758498244,-2042.9531660876407,-0.3085464397339202
106370673,RADY CHILDREN'S HOSPITAL - SAN DIEGO,San Diego,Comparable,Non-Teaching,500 +,Profitable,505,331,301.196721311475,110238,318135550,0.9099598831162388,11063.905622380667,11447.388713510769,2885.897331228796,0.2521009291684765
106361308,REDLANDS COMMUNITY HOSPITAL,San Bernardino,Comparable,Non-Teaching,200 - 299,Profitable,211,123,123.161202185792,45077,50435495,1.001310586876358,9191.72791002063,8874.94061272933,1118.8742596002396,0.1260711827181624
106430705,REGIONAL MEDICAL CENTER OF SAN JOSE,Santa Clara,Comparable,Non-Teaching,200 - 299,High cost structure,258,111,110.428961748634,40417,-309897047,0.9948555112489548,12605.766781304896,9041.47242496969,-7667.492565009773,-0.8480358291902301
106334533,REHABILITATION HOSPITAL OF SOUTHERN CALIFORNIA,Riverside,Comparable,Non-Teaching,50 - 99,Profitable,50,29,28.7841530054645,10535,-174743,0.9925570001884312,2223.5960132890364,2189.06729947793,-16.58690080683436,-0.0075771543482423
106190930,RESNICK NEUROPSYCHIATRIC HOSPITAL AT UCLA,Los Angeles,Comparable,Non-Teaching,50 - 99,Profitable,74,68,66.6830601092896,24406,-26189302,0.9806332369013177,3803.7408424157993,3033.7933704826683,-1073.0681799557483,-0.3537050975179059
106454068,RESTPADD PSYCHIATRIC HEALTH FACILITY,Shasta,PHF,Non-Teaching,1 - 49,Profitable,16,16,14.6092896174863,5347,635331,0.9130806010928938,1063.2382644473537,1144.8898447727695,118.82008602954927,0.103782985386801
106524017,RESTPADD RED BLUFF PSYCHIATRIC HEALTH FACILITY,Tehama,PHF,Non-Teaching,1 - 49,Profitable,16,16,14.674863387978142,5371,812629,0.917178961748634,1090.3234034630425,1225.5382610314653,151.29938558927574,0.123455456594179
106150782,RIDGECREST REGIONAL HOSPITAL,Kern,Comparable,Rural,150 - 199,Low utilization,150,116,72.5027322404372,26536,-3434963,0.6250235537968724,5812.01473470003,5470.085996382273,-129.4453949351824,-0.023664233984766
106200030,RIVER VISTA BEHAVIORAL HEALTH,Madera,Comparable,Non-Teaching,100 - 149,Low utilization,128,59,45.5546448087432,16673,-1239907,0.7721126238770034,1497.7768248065736,1423.3704792178971,-74.36616085887363,-0.052246524671311
106331312,RIVERSIDE COMMUNITY HOSPITAL,Riverside,Comparable,Teaching,500 +,Profitable,503,381,379.4945355191257,138895,133594855,0.996048649656498,6131.675013499406,6307.825026098852,961.8406350120596,0.1524837215731903
106334487,RIVERSIDE UNIVERSITY HEALTH SYSTEM MEDICAL CENTER,Riverside,Comparable,Teaching,300 - 499,High cost structure,439,418,349.478142076503,127909,-24986000,0.8360721102308684,8061.474821943726,7405.63244963216,-195.3420009538031,-0.026377490684608
106190796,RONALD REAGAN UCLA MEDICAL CENTER,Los Angeles,Comparable,Teaching,300 - 499,Profitable,446,503,493.344262295082,180564,674050350,0.9808037023759084,15862.83945304712,15900.50272479564,3733.027347644049,0.2347741711224433
106344210,"SACRAMENTO BEHAVIORAL HEALTHCARE HOSPITAL, LLC",Sacramento,Comparable,Non-Teaching,100 - 149,Profitable,117,101,100.937158469945,36943,2858844,0.9993778066331188,1292.5273258804104,1232.8594050293696,77.38526919849498,0.0627689328424691
106344011,SACRAMENTO MENTAL HEALTH TREATMENT CENTER - PHF,Sacramento,PHF,Non-Teaching,50 - 99,Profitable,50,50,45.5,16653,0,0.91,7121.958866270342,7121.958866270342,0.0,0.0
106341326,SACRAMENTO REHABILITATION HOSPITAL,Sacramento,Comparable,Non-Teaching,50 - 99,Profitable,50,39,38.016393442623,13914,-253871,0.9747793190416152,2574.8281586890903,2555.02558574098,-18.24572373149346,-0.0071411119455392
106270875,SALINAS VALLEY HEALTH MEDICAL CENTER,Monterey,Comparable,Non-Teaching,200 - 299,Profitable,263,124,116.84699453551912,42766,70699947,0.942314472060638,13520.820792218115,15208.389140906327,1653.1811953420945,0.1087019262872159
106361318,SAN ANTONIO REGIONAL HOSPITAL,San Bernardino,Comparable,Non-Teaching,300 - 499,Profitable,363,237,216.904371584699,79387,28748882,0.9152083189227804,5893.795419905022,6116.798795772607,362.1358912668321,0.0592034989800724
106374055,SAN DIEGO COUNTY PSYCHIATRIC HOSPITAL,San Diego,LTC Emphasis,Non-Teaching,300 - 499,Profitable,301,208,204.459016393443,74832,-23087472,0.9829760403530912,1909.6169152234336,1467.2814972204403,-308.52405388069275,-0.2102691640732527
106190673,SAN DIMAS COMMUNITY HOSPITAL,Los Angeles,Comparable,Non-Teaching,50 - 99,Profitable,95,38,37.207650273224,13618,-1102549,0.9791486914006317,5282.296299016009,5101.611763841974,-80.96262299897195,-0.0158700086848631
106190200,SAN GABRIEL VALLEY MEDICAL CENTER,Los Angeles,Comparable,Non-Teaching,200 - 299,Low utilization,273,152,139.303278688525,50985,-15552903,0.916468938740296,4355.376502893008,3998.148102383054,-305.0486025301559,-0.0762974744102988
106331326,SAN GORGONIO MEMORIAL HOSPITAL,Riverside,Comparable,Rural,50 - 99,Profitable,79,25,21.6420765027322,7921,13937674,0.865683060109288,13167.63830324454,11561.51887387956,1759.5851533897237,0.1521932518196271
106394003,SAN JOAQUIN - PHF,San Joaquin,PHF,Non-Teaching,1 - 49,Profitable,16,16,14.7595628415301,5402,0,0.9224726775956312,1699.4472417623103,1699.4472417623103,0.0,0.0
106391010,SAN JOAQUIN GENERAL HOSPITAL,San Joaquin,Comparable,Non-Teaching,150 - 199,Profitable,196,140,135.13934426229508,49461,14609627,0.9652810304449648,9721.231556175571,8987.51060431451,295.3767008350013,0.032865240870281
106104023,SAN JOAQUIN VALLEY REHABILITATION HOSPITAL,Fresno,Comparable,Non-Teaching,50 - 99,Profitable,62,62,57.5792349726776,21074,2972741,0.9286973382689936,2190.330834203284,2319.974897978552,141.06201955015658,0.0608032525149592
106434032,SAN JOSE BEHAVIORAL HEALTH,Santa Clara,Comparable,Non-Teaching,100 - 149,Profitable,133,118,117.51639344262296,43011,27189185,0.9959016393442623,1371.8622677919602,2004.001046243984,632.1449164167306,0.3154414103732798
106404046,SAN LUIS OBISPO COUNTY - PHF,San Luis Obispo,PHF,Non-Teaching,1 - 49,Profitable,16,14,12.289617486338798,4498,241602,0.8778298204527714,1231.7296576256117,987.0002223210316,53.71320586927524,0.0544206623813753
106410782,SAN MATEO MEDICAL CENTER,San Mateo,Comparable,Non-Teaching,300 - 499,Profitable,448,314,311.6639344262295,114069,99469514,0.992560300720476,4076.550456302764,4073.437577255872,872.0117998755139,0.2140727047701457
106074017,SAN RAMON REGIONAL MEDICAL CENTER,Contra Costa,Comparable,Non-Teaching,100 - 149,High cost structure,123,44,40.7322404371585,14908,-1356263,0.9257327372081476,12334.895022806546,12435.265293801986,-90.9755165012074,-0.0073159288806288
106420514,SANTA BARBARA COTTAGE HOSPITAL,Santa Barbara,Comparable,Teaching,500 +,Profitable,519,303,273.1639344262295,99978,139000867,0.9015311367202292,9468.993948668707,9411.048430654744,1390.3145391986236,0.1477321628342632
106424002,SANTA BARBARA PSYCHIATRIC HEALTH FACILITY,Santa Barbara,PHF,Non-Teaching,1 - 49,Profitable,16,16,14.6092896174863,5347,0,0.9130806010928938,2359.764540864036,640.1988030671405,0.0,0.0
106430883,SANTA CLARA VALLEY MEDICAL CENTER,Santa Clara,Comparable,Teaching,500 +,Profitable,1142,649,613.74043715847,224629,30026067,0.9456709355292297,14964.954413722182,12440.168940786809,133.66959297330266,0.0107449982077854
106190687,SANTA MONICA - UCLA MEDICAL CENTER AND ORTHOPAEDIC HOSPITAL,Los Angeles,Comparable,Teaching,200 - 299,Profitable,281,249,235.210382513661,86087,64681168,0.944620010095024,9342.921439938667,10107.010675247133,751.3465215421609,0.0743391439550239
106420522,SANTA YNEZ VALLEY COTTAGE HOSPITAL,Santa Barbara,Comparable,Rural,1 - 49,Profitable,11,8,1.32513661202186,485,7932733,0.1656420765027325,59967.315463917526,63086.95051546392,16356.150515463918,0.2592636096977724
106371256,SCRIPPS GREEN HOSPITAL,San Diego,Comparable,Non-Teaching,150 - 199,Profitable,173,98,87.63934426229508,32076,98618081,0.8942790230846437,12146.9571954109,14654.82248410026,3074.513062726025,0.2097953125028785
106371394,SCRIPPS MEMORIAL HOSPITAL - ENCINITAS,San Diego,Comparable,Non-Teaching,150 - 199,Profitable,187,167,152.94535519125682,55978,100796510,0.9158404502470467,7650.631908964236,9175.160277251778,1800.6450748508344,0.1962521656777181
106370771,SCRIPPS MEMORIAL HOSPITAL - LA JOLLA,San Diego,Comparable,Non-Teaching,300 - 499,Profitable,426,302,294.3469945355191,107731,282529841,0.9746589223030434,8544.019409455032,10787.390648931134,2622.5491362746097,0.2431124654352315
106370744,SCRIPPS MERCY HOSPITAL,San Diego,Comparable,Teaching,500 +,Profitable,655,452,438.756830601093,160585,46809392,0.9707009526572854,7845.868561820843,7847.4818320515615,291.49292897842264,0.0371447727075805
106374094,SELECT SPECIALTY HOSPITAL - SAN DIEGO,San Diego,Comparable,Non-Teaching,100 - 149,Profitable,110,87,84.0765027322404,30772,-5098054,0.9663965831292,2550.9342909138177,2377.340894319512,-165.67184453399193,-0.0696878789785062
106124004,SEMPERVIRENS P.H.F.,Humboldt,PHF,Non-Teaching,1 - 49,Profitable,16,16,14.289617486338798,5230,0,0.8931010928961749,2141.629636711281,2141.629636711281,0.0,0.0
106321016,SENECA HEALTHCARE DISTRICT,Plumas,Comparable,Rural,1 - 49,Profitable,26,25,14.4890710382514,5303,1782289,0.579562841530056,4179.624740712804,3917.273052988874,336.09070337544784,0.0857971090677508
106410891,SEQUOIA HOSPITAL,San Mateo,Comparable,Non-Teaching,200 - 299,Profitable,208,52,47.0983606557377,17238,3415379,0.9057377049180328,19424.23691843601,18542.85033066481,198.1308156398654,0.0106850247996777
106370875,SHARP CHULA VISTA MEDICAL CENTER,San Diego,Comparable,Non-Teaching,300 - 499,Profitable,449,359,338.245901639344,123798,109677038,0.9421891410566686,5370.042084686344,5090.315021244285,885.9354593773728,0.1740433461740474
106370689,SHARP CORONADO HOSPITAL AND HEALTHCARE CENTER,San Diego,Comparable,Non-Teaching,150 - 199,Profitable,181,126,112.090163934426,41025,43025938,0.8896044756700476,4150.592370505789,4310.637586837294,1048.7736258379036,0.2432989562936991
106370714,SHARP GROSSMONT HOSPITAL,San Diego,Comparable,Non-Teaching,500 +,Profitable,542,428,391.9863387978143,143467,140533823,0.9158559317705942,7238.457296799961,6940.049635107725,979.555040531969,0.1411452499671876
106374049,SHARP MCDONALD CENTER,San Diego,Comparable,Non-Teaching,1 - 49,Profitable,16,9,7.51366120218579,2750,3251362,0.83485124468731,1770.519272727273,2418.9152727272726,1182.3134545454543,0.4887783660204116
106370694,SHARP MEMORIAL HOSPITAL,San Diego,Comparable,Non-Teaching,500 +,Profitable,862,659,455.387978142076,166672,405755220,0.6910287983946525,7995.176538350773,8520.53935874052,2434.4534174906403,0.2857158819404237
106370745,SHARP MESA VISTA HOSPITAL,San Diego,Comparable,Non-Teaching,150 - 199,Low utilization,160,110,99.8142076502732,36532,-10108181,0.9074018877297564,2894.082858863462,2043.9633472024527,-276.6938848133144,-0.1353712556499713
106450940,SHASTA REGIONAL MEDICAL CENTER,Shasta,Comparable,Non-Teaching,200 - 299,Profitable,226,80,80.4535519125683,29446,-15149133,1.0056693989071035,6275.47402024044,5708.570332133397,-514.4716769680092,-0.090122683445286
106190708,SHERMAN OAKS HOSPITAL,Los Angeles,Comparable,Non-Teaching,150 - 199,Profitable,153,82,84.99453551912569,31108,10151952,1.0365187258429962,3337.7335090651923,3616.896843255754,326.34537739488235,0.0902280024942934
106344114,SHRINERS HOSPITAL FOR CHILDREN - NORTHERN CALIFORNIA,Sacramento,Other Non-Comparable,Non-Teaching,50 - 99,High cost structure,80,21,21.7896174863388,7975,-47226988,1.0376008326828,15756.36815047022,4271.771536050157,-5921.879373040752,-1.3862818559150634
106291023,SIERRA NEVADA MEMORIAL HOSPITAL,Nevada,Comparable,Rural,100 - 149,Profitable,104,53,48.61748633879782,17794,42728230,0.9173110629961851,10784.285601888278,11871.97426098685,2401.271777003484,0.2022638968224885
106540798,SIERRA VIEW MEDICAL CENTER,Tulare,Comparable,Non-Teaching,150 - 199,Profitable,163,96,87.5655737704918,32049,3250620,0.9121413934426228,5371.928359699211,4894.259914505913,101.42656557146869,0.0207235756464127
106342392,SIERRA VISTA HOSPITAL,Sacramento,Comparable,Non-Teaching,150 - 199,Profitable,171,171,162.4945355191257,59473,22968962,0.950260441632314,927.610798177324,1319.4197703159416,386.2082289442268,0.2927106578460222
106490040,SONOMA COUNTY HEALING CENTER - PHF,Sonoma,Comparable,Non-Teaching,1 - 49,Low utilization,16,15,13.2950819672131,4866,-481926,0.8863387978142067,1445.63152486642,1091.8230579531444,-99.039457459926,-0.0907101720727501
106491338,SONOMA SPECIALTY HOSPITAL,Sonoma,Comparable,Rural,50 - 99,Profitable,58,55,54.89617486338798,20092,9647713,0.9981122702434178,2463.8562114274337,2935.463816444356,480.1768365518614,0.1635778420643202
106491076,SONOMA VALLEY HOSPITAL,Sonoma,Comparable,Non-Teaching,50 - 99,Profitable,51,36,34.224043715847,12526,5268957,0.95066788099575,5745.218106338815,5082.22928309117,420.6416254191282,0.0827671484280773
106301258,SOUTH COAST GLOBAL MEDICAL CENTER,Orange,Comparable,Non-Teaching,150 - 199,Low utilization,178,66,60.5273224043716,22153,-23125740,0.9170806424904788,3270.3681216990926,2215.3904663025323,-1043.910079898885,-0.4712081665861648
106190380,SOUTHERN CALIFORNIA HOSPITAL AT HOLLYWOOD,Los Angeles,Comparable,Non-Teaching,500 +,Profitable,569,332,322.765027322404,118132,-2167402,0.9721838172361568,4309.4283005451525,4281.5904919920085,-18.347289472793147,-0.0042851574682606
106141338,SOUTHERN INYO HOSPITAL,Inyo,Comparable,Rural,1 - 49,Profitable,37,32,31.7568306010929,11623,-2040958,0.9924009562841531,1662.413920674525,1333.527660672804,-175.59648971866127,-0.1316781757868207
106334068,SOUTHWEST HEALTHCARE SYSTEM - MURRIETA,Riverside,Comparable,Non-Teaching,200 - 299,Profitable,242,195,194.237704918033,71091,30994484,0.9960907944514512,6161.747886511654,6480.467105540786,435.9832327580144,0.0672765135070664
106100899,ST. AGNES MEDICAL CENTER,Fresno,Comparable,Teaching,300 - 499,Profitable,436,315,314.800546448087,115217,-75819803,0.9993668141209112,6026.528064434936,5251.85095081455,-658.0609024709895,-0.1253007575108211
106361339,ST. BERNARDINE MEDICAL CENTER,San Bernardino,Comparable,Teaching,300 - 499,Profitable,342,222,202.133879781421,73981,21932713,0.9105129719883828,7081.562428191022,7312.841445776618,296.46413268271584,0.0405402106528554
106521041,ST. ELIZABETH COMMUNITY HOSPITAL,Tehama,Comparable,Rural,50 - 99,Profitable,76,29,26.4918032786885,9696,48152183,0.9135104578858104,16459.63500412541,18696.73061056105,4966.190490924092,0.2656181229951981
106190754,ST. FRANCIS MEDICAL CENTER,Los Angeles,Comparable,Non-Teaching,300 - 499,Profitable,354,243,242.907103825137,88904,107368386,0.9996177112145556,4325.747131737605,5492.752598308288,1207.689035363988,0.2198695487825073
106380960,ST. FRANCIS MEMORIAL HOSPITAL,San Francisco,Comparable,Non-Teaching,200 - 299,High cost structure,294,71,64.8790931989924,25757,-13581683,0.9137900450562308,11053.40493846333,13137.544822766626,-527.3006561323135,-0.0401369253727325
106560529,ST. JOHN'S REGIONAL MEDICAL CENTER,Ventura,Comparable,Non-Teaching,300 - 499,Profitable,385,271,268.6748633879782,98335,4657193,0.9914201601032404,6642.152671988611,6582.930624904662,47.36048202572838,0.0071944373599432
106392232,ST. JOSEPH'S BEHAVIORAL HEALTH CENTER,San Joaquin,Comparable,Non-Teaching,1 - 49,Low utilization,35,33,31.051912568306,11365,-2820918,0.9409670475244244,2264.315090189177,1948.2376594808625,-248.2109986801584,-0.1274028337724967
106391042,ST. JOSEPH'S MEDICAL CENTER OF STOCKTON,San Joaquin,Comparable,Teaching,300 - 499,Profitable,355,287,261.065573770492,95550,112942103,0.909636145541784,8022.449795918367,8668.02043956044,1182.020962846677,0.1363657332246228
106190053,ST. MARY MEDICAL CENTER - LONG BEACH,Los Angeles,Comparable,Teaching,300 - 499,High cost structure,307,176,175.97267759562845,64406,-22459620,0.9998447590660708,7411.347560786262,6794.4839455951305,-348.7193739713691,-0.0513238940239816
106380965,ST. MARY'S MEDICAL CENTER - SAN FRANCISCO,San Francisco,Comparable,Teaching,200 - 299,High cost structure,275,77,70.4005037783375,27949,-301569902,0.914292256861526,11777.301763927151,7656.738165945114,-10790.006869655444,-1.4092171673893947
106010967,ST. ROSE HOSPITAL,Alameda,Comparable,Non-Teaching,150 - 199,High cost structure,171,38,35.0765027322404,12838,-5829963,0.9230658613747472,11052.815002336813,8692.320844368282,-454.1176974606636,-0.0522435498633123
106514005,STABLER LANE BEHAVIORAL HEALTH - PHF,Sutter,PHF,Non-Teaching,1 - 49,Profitable,16,16,15.6693989071038,5735,4801,0.9793374316939876,1066.4226678291195,1067.693112467306,0.8371403661726242,0.0007840645934655
106430905,STANFORD HEALTH CARE,Santa Clara,Comparable,Teaching,500 +,Profitable,643,735,693.3196721311476,253755,1054972585,0.9432920709267316,28504.50019507005,30651.847912356407,4157.445508462887,0.1356344165725464
106014050,STANFORD HEALTH CARE TRI-VALLEY,Alameda,Comparable,Non-Teaching,200 - 299,Profitable,242,104,99.79234972677595,36524,14330188,0.9595418242959226,14300.37750520206,14527.167040849852,392.34990691052457,0.027008012354181
106504038,STANISLAUS SURGICAL HOSPITAL,Stanislaus,Comparable,Non-Teaching,1 - 49,High cost structure,23,1,1.46303501945525,376,-4177674,1.46303501945525,59758.70744680851,38440.664893617024,-11110.83510638298,-0.289038577691925
106194967,STAR VIEW ADOLESCENT - PHF,Los Angeles,PHF,Non-Teaching,1 - 49,Profitable,16,16,10.2896174863388,3766,12023008,0.643101092896175,1702.5517790759427,1136.630642591609,3192.5140732873074,2.808752424629446
106394128,STOCKTON REGIONAL REHABILITATION HOSPITAL,San Joaquin,Comparable,Non-Teaching,50 - 99,Profitable,50,35,34.0819672131148,12474,-5212853,0.97377049180328,2522.1383678050342,2103.301426968093,-417.8974667308001,-0.1986864371281289
106250955,SURPRISE VALLEY COMMUNITY HOSPITAL,Modoc,Comparable,Rural,1 - 49,Low utilization,26,26,21.1338797814208,7735,-599908,0.8128415300546461,1389.0882999353587,904.5436328377504,-77.55759534583063,-0.0857422378868729
106514001,SUTTER - YUBA - PHF,Sutter,PHF,Non-Teaching,1 - 49,Profitable,16,16,3.62841530054645,1328,0,0.2267759562841531,5570.172439759036,2095.439759036145,0.0,0.0
106034002,SUTTER AMADOR HOSPITAL,Amador,Comparable,Rural,50 - 99,Profitable,52,27,24.7732240437158,9067,8780467,0.9175268164339184,11572.111062093303,12200.094077423624,968.3982574170068,0.0793762942540775
106310791,SUTTER AUBURN FAITH HOSPITAL,Placer,Comparable,Non-Teaching,50 - 99,Profitable,64,41,37.2622950819672,13638,16802992,0.9088364654138342,12060.137336852911,12923.018624431736,1232.0715647455638,0.0953393011766043
106344017,SUTTER CENTER FOR PSYCHIATRY,Sacramento,Comparable,Non-Teaching,50 - 99,Low utilization,73,62,56.49726775956284,20678,-8128014,0.9112462541864974,2609.726472579553,2135.840265015959,-393.0754424992746,-0.1840378463397577
106084001,SUTTER COAST HOSPITAL,Del Norte,Comparable,Rural,1 - 49,Profitable,49,27,24.8087431693989,9080,13004718,0.9188423396073666,12266.446365638769,13371.575440528635,1432.237665198238,0.1071106147191295
106574010,SUTTER DAVIS HOSPITAL,Yolo,Comparable,Non-Teaching,50 - 99,Profitable,57,41,37.1448087431694,13595,31666257,0.9059709449553512,13244.114306730417,15192.361824200074,2329.2575947039354,0.1533176751355168
106070934,SUTTER DELTA MEDICAL CENTER,Contra Costa,Comparable,Non-Teaching,100 - 149,Profitable,141,75,68.9125683060109,25222,11969293,0.9188342440801452,10010.20616921735,10217.841963365316,474.5576480850052,0.0464440191761104
106171395,SUTTER LAKESIDE HOSPITAL,Lake,Comparable,Rural,1 - 49,Profitable,25,21,19.827868852459016,7257,15995778,0.9441842310694768,14357.092186854072,16094.3476643241,2204.1860272840017,0.1369540458088873
106444012,SUTTER MATERNITY AND SURGERY CENTER OF SANTA CRUZ,Santa Cruz,Comparable,Non-Teaching,1 - 49,Profitable,28,6,5.6775956284153,2078,6166821,0.9462659380692168,43069.629932627526,44810.02117420597,2967.6713185755534,0.0662278490572068
106341051,SUTTER MEDICAL CENTER - SACRAMENTO,Sacramento,Comparable,Non-Teaching,500 +,Profitable,523,468,425.751366120219,155825,141533104,0.9097251412825192,11118.578187068828,11722.800885608856,908.2823937108936,0.0774799813264694
106311000,SUTTER ROSEVILLE MEDICAL CENTER,Placer,Comparable,Non-Teaching,300 - 499,Profitable,382,398,360.046448087432,131777,104477588,0.9046393168025928,8145.13728495868,8703.519218072957,792.8362916138628,0.0910937600927598
106494106,SUTTER SANTA ROSA REGIONAL HOSPITAL,Sonoma,Comparable,Non-Teaching,100 - 149,Profitable,124,108,98.3005464480874,35978,14633893,0.910190244889698,13941.152482072375,13711.843265328813,406.74559452999057,0.0296638159187882
106481094,SUTTER SOLANO MEDICAL CENTER,Solano,Comparable,Non-Teaching,100 - 149,Profitable,106,57,51.8989071038251,18995,1058363,0.9105071421723704,9820.207791524086,9606.833377204528,55.717978415372464,0.0057998277088454
106514030,SUTTER SURGICAL HOSPITAL - NORTH VALLEY,Sutter,Comparable,Non-Teaching,1 - 49,Profitable,14,2,1.90710382513661,698,2737919,0.953551912568305,73417.47277936962,56338.13610315186,3922.5200573065904,0.0696245976282332
106391056,SUTTER TRACY COMMUNITY HOSPITAL,San Joaquin,Comparable,Non-Teaching,50 - 99,Profitable,77,37,33.7595628415301,12356,54017573,0.9124206173386512,13922.832146325673,17863.368404014243,4371.76861443833,0.2447337207385763
106291053,TAHOE FOREST HOSPITAL,Nevada,Comparable,Rural,50 - 99,Profitable,62,50,45.16393442622951,16530,27157535,0.90327868852459,17281.810647307924,17415.938294010888,1642.9240774349666,0.0943345141501762
106190782,TARZANA TREATMENT CENTER,Los Angeles,Comparable,Non-Teaching,50 - 99,Profitable,60,45,43.7868852459016,16026,37593394,0.973041894353369,1026.2213278422564,1010.1480094845876,2345.775240234618,2.322209436844324
106094002,TELECARE EL DORADO COUNTY P.H.F.,El Dorado,PHF,Non-Teaching,1 - 49,Profitable,16,12,11.71584699453552,4288,135410,0.97632058287796,1341.4668843283582,1373.15088619403,31.57882462686567,0.0229973449708741
106014207,TELECARE HERITAGE - PHF,Alameda,PHF,Non-Teaching,1 - 49,Low utilization,26,20,18.2459016393443,6678,-102323,0.912295081967215,1888.95447738844,1873.4812818209043,-15.32240191674154,-0.0081785721936058
106334457,TELECARE RIVERSIDE COUNTY PSYCHIATRIC HEALTH FACILITY,Riverside,PHF,Non-Teaching,1 - 49,Profitable,16,16,14.8306010928962,5428,176569,0.9269125683060124,1105.0580324244656,1137.587324981577,32.52929255711128,0.0285949850554444
106444029,TELECARE SANTA CRUZ - PHF,Santa Cruz,PHF,Non-Teaching,1 - 49,Profitable,16,15,13.685792349726777,5009,572900,0.9123861566484518,1852.459572769016,1966.831303653424,114.3741265721701,0.0581514674693849
106504081,TELECARE STANISLAUS COUNTY - PHF,Stanislaus,PHF,Non-Teaching,1 - 49,Profitable,16,14,13.0437158469945,4774,855982,0.9316939890710356,1291.6656891495602,1470.9664851277755,179.30079597821532,0.1218931891317975
106014226,TELECARE WILLOW ROCK CENTER - PHF,Alameda,PHF,Non-Teaching,1 - 49,Profitable,16,8,7.70765027322404,2821,518260,0.963456284153005,2706.346685572492,2890.052109181141,183.71499468273663,0.0635680561257388
106334564,TEMECULA VALLEY HOSPITAL,Riverside,Comparable,Non-Teaching,100 - 149,Profitable,140,125,124.270491803279,45483,31053553,0.994163934426232,6334.871908185476,6739.713035639689,682.7507640217224,0.1013026460342343
106330120,THE BETTY FORD CENTER,Riverside,Comparable,Non-Teaching,100 - 149,Low utilization,100,80,74.9344262295082,27426,-8962590,0.9366803278688526,1344.682965069642,962.7566178079196,-326.791730474732,-0.3394333774810058
106191225,TOM REDGATE MEMORIAL RECOVERY CENTER,Los Angeles,Comparable,Non-Teaching,50 - 99,Profitable,63,44,42.3142076502732,15487,646235,0.961686537506209,355.40085232775874,396.7047200878156,41.72757796861884,0.105185483952351
106190422,TORRANCE MEMORIAL MEDICAL CENTER,Los Angeles,Comparable,Non-Teaching,500 +,Profitable,585,384,364.3579234972677,133355,50847104,0.948848759107468,6647.453556297101,6347.616842263133,381.2913201604739,0.0600684208948773
106364451,TOTALLY KIDS REHABILITATION HOSPITAL,San Bernardino,Comparable,Non-Teaching,50 - 99,Low utilization,81,67,60.6775956284153,22208,-2211922,0.9056357556479896,1611.869101224784,1512.2367164985592,-99.60023414985592,-0.0658628593415393
106370780,TRI-CITY MEDICAL CENTER,San Diego,Comparable,Non-Teaching,300 - 499,High cost structure,386,114,113.959016393443,41709,-25093516,0.9996404946793244,7894.270828837901,6703.585269366324,-601.6331247452588,-0.0897479633017527
106531059,TRINITY HOSPITAL,Trinity,Comparable,Rural,1 - 49,Profitable,38,23,18.7404371584699,6859,5785295,0.8148016155856478,4574.266656947077,5325.069106283715,843.4604169704038,0.1583942668415513
106301175,UCI HEALTH-FOUNTAIN VALLEY,Orange,Comparable,Non-Teaching,300 - 499,Profitable,400,218,216.3125,20766,-50500054,0.9922591743119266,5987.667726090725,3549.0052008090147,-2431.862371183666,-0.6852236707428069
106190240,UCI HEALTH-LAKEWOOD,Los Angeles,Comparable,Non-Teaching,150 - 199,Profitable,172,143,142.64583333333331,13694,-18010791,0.99752331002331,5888.88374470571,4566.775668175844,-1315.232291514532,-0.2880001968741086
106301248,UCI HEALTH-LOS ALAMITOS,Orange,Comparable,Non-Teaching,150 - 199,Profitable,172,140,139.94791666666666,13435,980984,0.9996279761904762,5250.646296985486,5282.9944175660585,73.0170450316338,0.0138211474895469
106301297,UCI HEALTH-PLACENTIA LINDA,Orange,Comparable,Non-Teaching,100 - 149,High cost structure,114,33,30.7708333333333,2954,-11366526,0.932449494949494,13387.559241706162,9512.29383886256,-3847.8422477995937,-0.4045125511240202
106190859,UCLA WEST VALLEY MEDICAL CENTER,Los Angeles,Comparable,Non-Teaching,200 - 299,High cost structure,260,112,109.446808510638,10288,-46777557,0.9772036474164106,7065.038783048211,2972.2992807153964,-4546.807639968896,-1.529727396386051
106010776,UCSF BENIOFF CHILDREN'S HOSPITAL OAKLAND,Alameda,Comparable,Non-Teaching,150 - 199,Profitable,163,120,109.07650273224,39922,96837082,0.908970856102,20170.435724663093,20556.90994940133,2425.657081308552,0.1179971643247477
106381154,UCSF MEDICAL CENTER,San Francisco,Comparable,Teaching,500 +,Profitable,887,752,744.464480874317,272474,414296977,0.9899793628647832,21831.37900496928,22640.96539853344,1520.5009542194853,0.0671570724770408
106341006,UNIVERSITY OF CALIFORNIA DAVIS MEDICAL CENTER,Sacramento,Comparable,Teaching,500 +,Profitable,651,666,581.5437158469946,212845,127106312,0.8731887625330249,18149.28139256266,18088.8845450915,597.1778148417862,0.0330135234902493
106301279,UNIVERSITY OF CALIFORNIA IRVINE MEDICAL CENTER,Orange,Comparable,Teaching,300 - 499,High cost structure,459,414,405.213114754098,148308,-1518324,0.9787756395026522,14921.992616716563,14062.556187124092,-10.237640585807911,-0.0007280070884397
106370782,UNIVERSITY OF CALIFORNIA SAN DIEGO MEDICAL CENTER,San Diego,Comparable,Teaching,500 +,Profitable,1101,735,692.609289617486,253495,292430925,0.9423255641054232,13873.836837018482,14465.562875007396,1153.596422020158,0.0797477728304138
106190529,USC ARCADIA HOSPITAL,Los Angeles,Comparable,Non-Teaching,300 - 499,Low utilization,324,221,182.89344262295083,66939,-27375453,0.8275721385653884,5567.071154334543,4807.948400782802,-408.96118854479454,-0.0850593963275915
106191216,USC KENNETH NORRIS JR. CANCER HOSPITAL,Los Angeles,Comparable,Non-Teaching,50 - 99,Profitable,60,47,45.8224043715847,16771,116208740,0.9749447738635044,31969.54832747004,38794.29264802337,6929.147933933576,0.1786125602753225
106190818,USC VERDUGO HILLS HOSPITAL,Los Angeles,Comparable,Non-Teaching,150 - 199,High cost structure,158,86,81.5027322404372,29830,-68588008,0.947706188842293,7861.603620516259,5430.177707006369,-2299.296278913845,-0.4234292877647711
106204019,VALLEY CHILDREN'S HOSPITAL,Madera,Comparable,Non-Teaching,300 - 499,Profitable,358,205,194.204918032787,71079,182700595,0.9473410635745708,11625.844426623897,11401.93493155503,2570.3878079320198,0.2254343515694368
106190812,VALLEY PRESBYTERIAN HOSPITAL,Los Angeles,Comparable,Non-Teaching,300 - 499,Profitable,350,220,200.729508196721,73467,34251006,0.912406855439641,7638.829134169083,7394.646194890222,466.20940013883785,0.0630468839010841
106560481,VENTURA COUNTY MEDICAL CENTER,Ventura,Comparable,Non-Teaching,200 - 299,Profitable,272,181,167.109289617486,61162,17590760,0.9232557437430168,8948.60137013178,8448.949658284555,287.60929989208984,0.0340408348403492
106454012,VIBRA HOSPITAL OF NORTHERN CALIFORNIA,Shasta,Comparable,Non-Teaching,50 - 99,Profitable,88,77,72.2459016393443,26442,4876172,0.9382584628486272,1640.0411466606156,1817.3626427652976,184.41010513576884,0.1014712753505104
106344035,VIBRA HOSPITAL OF SACRAMENTO,Sacramento,Comparable,Non-Teaching,50 - 99,Profitable,58,52,48.4207650273224,17722,10226683,0.9311685582177384,2570.4802505360567,3136.533235526464,577.061449046383,0.1839806581706837
106361370,VICTOR VALLEY GLOBAL MEDICAL CENTER,San Bernardino,Comparable,Rural,100 - 149,Profitable,101,52,48.0027322404372,17569,15768476,0.9231294661622538,5111.387159200865,5991.749501963686,897.5169901531106,0.1497921416539469
106010987,WASHINGTON HOSPITAL - FREMONT,Alameda,Comparable,Non-Teaching,300 - 499,Profitable,415,161,157.882513661202,57785,32716414,0.9806367308149192,10401.53690404084,9945.198840529549,566.1748550661937,0.0569294655787944
106444013,WATSONVILLE COMMUNITY HOSPITAL,Santa Cruz,Comparable,Non-Teaching,100 - 149,Profitable,106,34,32.6092896174863,11935,2793165,0.9590967534554792,12091.649434436533,11654.85521575199,234.03142019271053,0.020080165378323
106301379,WEST ANAHEIM MEDICAL CENTER,Orange,Comparable,Non-Teaching,200 - 299,Profitable,219,110,132.120218579235,48356,8756480,1.2010928961748637,3196.386653155761,3337.5843535445447,181.0836297460501,0.0542558960506084
106190883,WHITTIER HOSPITAL MEDICAL CENTER,Los Angeles,Comparable,Non-Teaching,100 - 149,Profitable,148,79,77.3251366120219,28301,-2115876,0.9787991976205302,4485.9365393449,4377.340341330695,-74.76329458323028,-0.0170796165601559
106571086,WOODLAND MEMORIAL HOSPITAL,Yolo,Comparable,Non-Teaching,100 - 149,Profitable,105,65,60.5546448087432,22163,10781230,0.9316099201345108,10430.77706086721,10808.451969498714,486.4517438974868,0.0450066064289545
106380939,ZUCKERBERG SAN FRANCISCO GENERAL HOSPITAL & TRAUMA CENTER,San Francisco,Comparable,Teaching,300 - 499,High cost structure,395,305,302.846994535519,110842,-154391311,0.9929409656902264,12770.750013532775,8696.918911603905,-1392.8953916385483,-0.160159638809564
